ARM GAS  C:\Users\ROSS\AppData\Local\Temp\ccaFqsNb.s 			page 1


   1              		.syntax unified
   2              		.cpu cortex-m3
   3              		.fpu softvfp
   4              		.eabi_attribute 20, 1
   5              		.eabi_attribute 21, 1
   6              		.eabi_attribute 23, 3
   7              		.eabi_attribute 24, 1
   8              		.eabi_attribute 25, 1
   9              		.eabi_attribute 26, 1
  10              		.eabi_attribute 30, 6
  11              		.eabi_attribute 34, 1
  12              		.eabi_attribute 18, 4
  13              		.thumb
  14              		.syntax unified
  15              		.file	"cymetadata.c"
  16              		.text
  17              	.Ltext0:
  18              		.cfi_sections	.debug_frame
  19              		.global	cy_meta_configecc
  20              		.section	.cyconfigecc,"a",%progbits
  21              		.align	2
  22              		.type	cy_meta_configecc, %object
  23              		.size	cy_meta_configecc, 4076
  24              	cy_meta_configecc:
  25 0000 01       		.byte	1
  26 0001 45       		.byte	69
  27 0002 00       		.byte	0
  28 0003 40       		.byte	64
  29 0004 06       		.byte	6
  30 0005 4F       		.byte	79
  31 0006 00       		.byte	0
  32 0007 40       		.byte	64
  33 0008 0A       		.byte	10
  34 0009 52       		.byte	82
  35 000a 00       		.byte	0
  36 000b 40       		.byte	64
  37 000c 01       		.byte	1
  38 000d 5B       		.byte	91
  39 000e 00       		.byte	0
  40 000f 40       		.byte	64
  41 0010 06       		.byte	6
  42 0011 64       		.byte	100
  43 0012 00       		.byte	0
  44 0013 40       		.byte	64
  45 0014 02       		.byte	2
  46 0015 65       		.byte	101
  47 0016 00       		.byte	0
  48 0017 40       		.byte	64
  49 0018 4B       		.byte	75
  50 0019 00       		.byte	0
  51 001a 01       		.byte	1
  52 001b 40       		.byte	64
  53 001c 36       		.byte	54
  54 001d 01       		.byte	1
  55 001e 01       		.byte	1
  56 001f 40       		.byte	64
  57 0020 33       		.byte	51
ARM GAS  C:\Users\ROSS\AppData\Local\Temp\ccaFqsNb.s 			page 2


  58 0021 02       		.byte	2
  59 0022 01       		.byte	1
  60 0023 40       		.byte	64
  61 0024 47       		.byte	71
  62 0025 03       		.byte	3
  63 0026 01       		.byte	1
  64 0027 40       		.byte	64
  65 0028 44       		.byte	68
  66 0029 04       		.byte	4
  67 002a 01       		.byte	1
  68 002b 40       		.byte	64
  69 002c 54       		.byte	84
  70 002d 05       		.byte	5
  71 002e 01       		.byte	1
  72 002f 40       		.byte	64
  73 0030 5F       		.byte	95
  74 0031 06       		.byte	6
  75 0032 01       		.byte	1
  76 0033 40       		.byte	64
  77 0034 54       		.byte	84
  78 0035 07       		.byte	7
  79 0036 01       		.byte	1
  80 0037 40       		.byte	64
  81 0038 3D       		.byte	61
  82 0039 08       		.byte	8
  83 003a 01       		.byte	1
  84 003b 40       		.byte	64
  85 003c 5A       		.byte	90
  86 003d 09       		.byte	9
  87 003e 01       		.byte	1
  88 003f 40       		.byte	64
  89 0040 3A       		.byte	58
  90 0041 0A       		.byte	10
  91 0042 01       		.byte	1
  92 0043 40       		.byte	64
  93 0044 5A       		.byte	90
  94 0045 0B       		.byte	11
  95 0046 01       		.byte	1
  96 0047 40       		.byte	64
  97 0048 1A       		.byte	26
  98 0049 0C       		.byte	12
  99 004a 01       		.byte	1
 100 004b 40       		.byte	64
 101 004c 51       		.byte	81
 102 004d 0D       		.byte	13
 103 004e 01       		.byte	1
 104 004f 40       		.byte	64
 105 0050 3D       		.byte	61
 106 0051 0E       		.byte	14
 107 0052 01       		.byte	1
 108 0053 40       		.byte	64
 109 0054 34       		.byte	52
 110 0055 0F       		.byte	15
 111 0056 01       		.byte	1
 112 0057 40       		.byte	64
 113 0058 4C       		.byte	76
 114 0059 14       		.byte	20
ARM GAS  C:\Users\ROSS\AppData\Local\Temp\ccaFqsNb.s 			page 3


 115 005a 01       		.byte	1
 116 005b 40       		.byte	64
 117 005c 4E       		.byte	78
 118 005d 15       		.byte	21
 119 005e 01       		.byte	1
 120 005f 40       		.byte	64
 121 0060 41       		.byte	65
 122 0061 16       		.byte	22
 123 0062 01       		.byte	1
 124 0063 40       		.byte	64
 125 0064 46       		.byte	70
 126 0065 17       		.byte	23
 127 0066 01       		.byte	1
 128 0067 40       		.byte	64
 129 0068 40       		.byte	64
 130 0069 18       		.byte	24
 131 006a 01       		.byte	1
 132 006b 40       		.byte	64
 133 006c 49       		.byte	73
 134 006d 19       		.byte	25
 135 006e 01       		.byte	1
 136 006f 40       		.byte	64
 137 0070 2F       		.byte	47
 138 0071 1A       		.byte	26
 139 0072 01       		.byte	1
 140 0073 40       		.byte	64
 141 0074 4D       		.byte	77
 142 0075 1B       		.byte	27
 143 0076 01       		.byte	1
 144 0077 40       		.byte	64
 145 0078 0E       		.byte	14
 146 0079 40       		.byte	64
 147 007a 01       		.byte	1
 148 007b 40       		.byte	64
 149 007c 17       		.byte	23
 150 007d 41       		.byte	65
 151 007e 01       		.byte	1
 152 007f 40       		.byte	64
 153 0080 13       		.byte	19
 154 0081 42       		.byte	66
 155 0082 01       		.byte	1
 156 0083 40       		.byte	64
 157 0084 15       		.byte	21
 158 0085 43       		.byte	67
 159 0086 01       		.byte	1
 160 0087 40       		.byte	64
 161 0088 0B       		.byte	11
 162 0089 45       		.byte	69
 163 008a 01       		.byte	1
 164 008b 40       		.byte	64
 165 008c 08       		.byte	8
 166 008d 46       		.byte	70
 167 008e 01       		.byte	1
 168 008f 40       		.byte	64
 169 0090 0D       		.byte	13
 170 0091 47       		.byte	71
 171 0092 01       		.byte	1
ARM GAS  C:\Users\ROSS\AppData\Local\Temp\ccaFqsNb.s 			page 4


 172 0093 40       		.byte	64
 173 0094 0E       		.byte	14
 174 0095 48       		.byte	72
 175 0096 01       		.byte	1
 176 0097 40       		.byte	64
 177 0098 0E       		.byte	14
 178 0099 49       		.byte	73
 179 009a 01       		.byte	1
 180 009b 40       		.byte	64
 181 009c 12       		.byte	18
 182 009d 4C       		.byte	76
 183 009e 01       		.byte	1
 184 009f 40       		.byte	64
 185 00a0 09       		.byte	9
 186 00a1 4D       		.byte	77
 187 00a2 01       		.byte	1
 188 00a3 40       		.byte	64
 189 00a4 05       		.byte	5
 190 00a5 50       		.byte	80
 191 00a6 01       		.byte	1
 192 00a7 40       		.byte	64
 193 00a8 03       		.byte	3
 194 00a9 51       		.byte	81
 195 00aa 01       		.byte	1
 196 00ab 40       		.byte	64
 197 00ac 7E       		.byte	126
 198 00ad 02       		.byte	2
 199 00ae 01       		.byte	1
 200 00af 40       		.byte	64
 201 00b0 0A       		.byte	10
 202 00b1 4B       		.byte	75
 203 00b2 0D       		.byte	13
 204 00b3 40       		.byte	64
 205 00b4 16       		.byte	22
 206 00b5 4B       		.byte	75
 207 00b6 19       		.byte	25
 208 00b7 30       		.byte	48
 209 00b8 22       		.byte	34
 210 00b9 4B       		.byte	75
 211 00ba 00       		.byte	0
 212 00bb 60       		.byte	96
 213 00bc 01       		.byte	1
 214 00bd A0       		.byte	-96
 215 00be 08       		.byte	8
 216 00bf 50       		.byte	80
 217 00c0 09       		.byte	9
 218 00c1 90       		.byte	-112
 219 00c2 11       		.byte	17
 220 00c3 08       		.byte	8
 221 00c4 18       		.byte	24
 222 00c5 38       		.byte	56
 223 00c6 19       		.byte	25
 224 00c7 28       		.byte	40
 225 00c8 60       		.byte	96
 226 00c9 18       		.byte	24
 227 00ca 61       		.byte	97
 228 00cb 14       		.byte	20
ARM GAS  C:\Users\ROSS\AppData\Local\Temp\ccaFqsNb.s 			page 5


 229 00cc 7C       		.byte	124
 230 00cd 40       		.byte	64
 231 00ce 2F       		.byte	47
 232 00cf 84       		.byte	-124
 233 00d0 80       		.byte	-128
 234 00d1 0F       		.byte	15
 235 00d2 82       		.byte	-126
 236 00d3 72       		.byte	114
 237 00d4 84       		.byte	-124
 238 00d5 6F       		.byte	111
 239 00d6 89       		.byte	-119
 240 00d7 07       		.byte	7
 241 00d8 8A       		.byte	-118
 242 00d9 0F       		.byte	15
 243 00da 8C       		.byte	-116
 244 00db 38       		.byte	56
 245 00dc 85       		.byte	-123
 246 00dd 6F       		.byte	111
 247 00de 86       		.byte	-122
 248 00df 0F       		.byte	15
 249 00e0 00       		.byte	0
 250 00e1 10       		.byte	16
 251 00e2 02       		.byte	2
 252 00e3 20       		.byte	32
 253 00e4 03       		.byte	3
 254 00e5 04       		.byte	4
 255 00e6 06       		.byte	6
 256 00e7 C0       		.byte	-64
 257 00e8 08       		.byte	8
 258 00e9 05       		.byte	5
 259 00ea 0A       		.byte	10
 260 00eb 0A       		.byte	10
 261 00ec 0C       		.byte	12
 262 00ed 0F       		.byte	15
 263 00ee 0F       		.byte	15
 264 00ef 01       		.byte	1
 265 00f0 10       		.byte	16
 266 00f1 0C       		.byte	12
 267 00f2 12       		.byte	18
 268 00f3 03       		.byte	3
 269 00f4 14       		.byte	20
 270 00f5 23       		.byte	35
 271 00f6 16       		.byte	22
 272 00f7 1C       		.byte	28
 273 00f8 18       		.byte	24
 274 00f9 07       		.byte	7
 275 00fa 1C       		.byte	28
 276 00fb 80       		.byte	-128
 277 00fc 1D       		.byte	29
 278 00fd 02       		.byte	2
 279 00fe 1E       		.byte	30
 280 00ff 40       		.byte	64
 281 0100 20       		.byte	32
 282 0101 0A       		.byte	10
 283 0102 21       		.byte	33
 284 0103 02       		.byte	2
 285 0104 22       		.byte	34
ARM GAS  C:\Users\ROSS\AppData\Local\Temp\ccaFqsNb.s 			page 6


 286 0105 05       		.byte	5
 287 0106 24       		.byte	36
 288 0107 C0       		.byte	-64
 289 0108 28       		.byte	40
 290 0109 10       		.byte	16
 291 010a 2A       		.byte	42
 292 010b 20       		.byte	32
 293 010c 2C       		.byte	44
 294 010d 10       		.byte	16
 295 010e 2E       		.byte	46
 296 010f 20       		.byte	32
 297 0110 2F       		.byte	47
 298 0111 08       		.byte	8
 299 0112 30       		.byte	48
 300 0113 0F       		.byte	15
 301 0114 31       		.byte	49
 302 0115 01       		.byte	1
 303 0116 32       		.byte	50
 304 0117 30       		.byte	48
 305 0118 33       		.byte	51
 306 0119 04       		.byte	4
 307 011a 34       		.byte	52
 308 011b 80       		.byte	-128
 309 011c 35       		.byte	53
 310 011d 02       		.byte	2
 311 011e 36       		.byte	54
 312 011f 40       		.byte	64
 313 0120 37       		.byte	55
 314 0121 08       		.byte	8
 315 0122 39       		.byte	57
 316 0123 20       		.byte	32
 317 0124 3A       		.byte	58
 318 0125 08       		.byte	8
 319 0126 3E       		.byte	62
 320 0127 50       		.byte	80
 321 0128 54       		.byte	84
 322 0129 0F       		.byte	15
 323 012a 58       		.byte	88
 324 012b 04       		.byte	4
 325 012c 59       		.byte	89
 326 012d 04       		.byte	4
 327 012e 5B       		.byte	91
 328 012f 04       		.byte	4
 329 0130 5F       		.byte	95
 330 0131 01       		.byte	1
 331 0132 84       		.byte	-124
 332 0133 01       		.byte	1
 333 0134 85       		.byte	-123
 334 0135 96       		.byte	-106
 335 0136 87       		.byte	-121
 336 0137 68       		.byte	104
 337 0138 88       		.byte	-120
 338 0139 04       		.byte	4
 339 013a 89       		.byte	-119
 340 013b FE       		.byte	-2
 341 013c 8A       		.byte	-118
 342 013d 18       		.byte	24
ARM GAS  C:\Users\ROSS\AppData\Local\Temp\ccaFqsNb.s 			page 7


 343 013e 8B       		.byte	-117
 344 013f 01       		.byte	1
 345 0140 90       		.byte	-112
 346 0141 04       		.byte	4
 347 0142 91       		.byte	-111
 348 0143 0E       		.byte	14
 349 0144 92       		.byte	-110
 350 0145 08       		.byte	8
 351 0146 93       		.byte	-109
 352 0147 F0       		.byte	-16
 353 0148 94       		.byte	-108
 354 0149 01       		.byte	1
 355 014a 97       		.byte	-105
 356 014b 01       		.byte	1
 357 014c 99       		.byte	-103
 358 014d C5       		.byte	-59
 359 014e 9A       		.byte	-102
 360 014f 01       		.byte	1
 361 0150 9B       		.byte	-101
 362 0151 3A       		.byte	58
 363 0152 9C       		.byte	-100
 364 0153 04       		.byte	4
 365 0154 9E       		.byte	-98
 366 0155 08       		.byte	8
 367 0156 A0       		.byte	-96
 368 0157 09       		.byte	9
 369 0158 A2       		.byte	-94
 370 0159 04       		.byte	4
 371 015a A4       		.byte	-92
 372 015b 01       		.byte	1
 373 015c A5       		.byte	-91
 374 015d A3       		.byte	-93
 375 015e A7       		.byte	-89
 376 015f 5C       		.byte	92
 377 0160 A9       		.byte	-87
 378 0161 7F       		.byte	127
 379 0162 AA       		.byte	-86
 380 0163 02       		.byte	2
 381 0164 B0       		.byte	-80
 382 0165 10       		.byte	16
 383 0166 B3       		.byte	-77
 384 0167 FF       		.byte	-1
 385 0168 B4       		.byte	-76
 386 0169 03       		.byte	3
 387 016a B6       		.byte	-74
 388 016b 0C       		.byte	12
 389 016c BA       		.byte	-70
 390 016d 80       		.byte	-128
 391 016e BF       		.byte	-65
 392 016f 04       		.byte	4
 393 0170 D8       		.byte	-40
 394 0171 04       		.byte	4
 395 0172 D9       		.byte	-39
 396 0173 04       		.byte	4
 397 0174 DF       		.byte	-33
 398 0175 01       		.byte	1
 399 0176 00       		.byte	0
ARM GAS  C:\Users\ROSS\AppData\Local\Temp\ccaFqsNb.s 			page 8


 400 0177 0A       		.byte	10
 401 0178 02       		.byte	2
 402 0179 04       		.byte	4
 403 017a 03       		.byte	3
 404 017b 02       		.byte	2
 405 017c 06       		.byte	6
 406 017d 20       		.byte	32
 407 017e 07       		.byte	7
 408 017f 04       		.byte	4
 409 0180 08       		.byte	8
 410 0181 90       		.byte	-112
 411 0182 0A       		.byte	10
 412 0183 60       		.byte	96
 413 0184 0D       		.byte	13
 414 0185 02       		.byte	2
 415 0186 0E       		.byte	14
 416 0187 20       		.byte	32
 417 0188 0F       		.byte	15
 418 0189 09       		.byte	9
 419 018a 12       		.byte	18
 420 018b 8A       		.byte	-118
 421 018c 13       		.byte	19
 422 018d 04       		.byte	4
 423 018e 15       		.byte	21
 424 018f 04       		.byte	4
 425 0190 17       		.byte	23
 426 0191 21       		.byte	33
 427 0192 18       		.byte	24
 428 0193 20       		.byte	32
 429 0194 19       		.byte	25
 430 0195 90       		.byte	-112
 431 0196 1A       		.byte	26
 432 0197 20       		.byte	32
 433 0198 1B       		.byte	27
 434 0199 02       		.byte	2
 435 019a 1D       		.byte	29
 436 019b 02       		.byte	2
 437 019c 1E       		.byte	30
 438 019d 0A       		.byte	10
 439 019e 20       		.byte	32
 440 019f 0A       		.byte	10
 441 01a0 21       		.byte	33
 442 01a1 41       		.byte	65
 443 01a2 22       		.byte	34
 444 01a3 0A       		.byte	10
 445 01a4 27       		.byte	39
 446 01a5 20       		.byte	32
 447 01a6 29       		.byte	41
 448 01a7 01       		.byte	1
 449 01a8 2B       		.byte	43
 450 01a9 01       		.byte	1
 451 01aa 2C       		.byte	44
 452 01ab 04       		.byte	4
 453 01ac 2D       		.byte	45
 454 01ad 04       		.byte	4
 455 01ae 2F       		.byte	47
 456 01af 18       		.byte	24
ARM GAS  C:\Users\ROSS\AppData\Local\Temp\ccaFqsNb.s 			page 9


 457 01b0 30       		.byte	48
 458 01b1 80       		.byte	-128
 459 01b2 36       		.byte	54
 460 01b3 35       		.byte	53
 461 01b4 37       		.byte	55
 462 01b5 01       		.byte	1
 463 01b6 38       		.byte	56
 464 01b7 04       		.byte	4
 465 01b8 39       		.byte	57
 466 01b9 82       		.byte	-126
 467 01ba 3A       		.byte	58
 468 01bb 04       		.byte	4
 469 01bc 3C       		.byte	60
 470 01bd 20       		.byte	32
 471 01be 3D       		.byte	61
 472 01bf 08       		.byte	8
 473 01c0 3E       		.byte	62
 474 01c1 20       		.byte	32
 475 01c2 3F       		.byte	63
 476 01c3 08       		.byte	8
 477 01c4 58       		.byte	88
 478 01c5 04       		.byte	4
 479 01c6 59       		.byte	89
 480 01c7 90       		.byte	-112
 481 01c8 5A       		.byte	90
 482 01c9 01       		.byte	1
 483 01ca 84       		.byte	-124
 484 01cb 10       		.byte	16
 485 01cc 85       		.byte	-123
 486 01cd 80       		.byte	-128
 487 01ce 8B       		.byte	-117
 488 01cf 02       		.byte	2
 489 01d0 8C       		.byte	-116
 490 01d1 04       		.byte	4
 491 01d2 C0       		.byte	-64
 492 01d3 6F       		.byte	111
 493 01d4 C2       		.byte	-62
 494 01d5 FF       		.byte	-1
 495 01d6 C4       		.byte	-60
 496 01d7 7F       		.byte	127
 497 01d8 CA       		.byte	-54
 498 01d9 69       		.byte	105
 499 01da CC       		.byte	-52
 500 01db E8       		.byte	-24
 501 01dc CE       		.byte	-50
 502 01dd 69       		.byte	105
 503 01de D6       		.byte	-42
 504 01df 0F       		.byte	15
 505 01e0 E2       		.byte	-30
 506 01e1 08       		.byte	8
 507 01e2 00       		.byte	0
 508 01e3 07       		.byte	7
 509 01e4 03       		.byte	3
 510 01e5 10       		.byte	16
 511 01e6 04       		.byte	4
 512 01e7 40       		.byte	64
 513 01e8 06       		.byte	6
ARM GAS  C:\Users\ROSS\AppData\Local\Temp\ccaFqsNb.s 			page 10


 514 01e9 20       		.byte	32
 515 01ea 08       		.byte	8
 516 01eb 0F       		.byte	15
 517 01ec 09       		.byte	9
 518 01ed 0A       		.byte	10
 519 01ee 0C       		.byte	12
 520 01ef 20       		.byte	32
 521 01f0 0E       		.byte	14
 522 01f1 40       		.byte	64
 523 01f2 0F       		.byte	15
 524 01f3 01       		.byte	1
 525 01f4 11       		.byte	17
 526 01f5 06       		.byte	6
 527 01f6 14       		.byte	20
 528 01f7 0A       		.byte	10
 529 01f8 16       		.byte	22
 530 01f9 05       		.byte	5
 531 01fa 17       		.byte	23
 532 01fb 01       		.byte	1
 533 01fc 1A       		.byte	26
 534 01fd 80       		.byte	-128
 535 01fe 1C       		.byte	28
 536 01ff 03       		.byte	3
 537 0200 1D       		.byte	29
 538 0201 0C       		.byte	12
 539 0202 1E       		.byte	30
 540 0203 0C       		.byte	12
 541 0204 20       		.byte	32
 542 0205 20       		.byte	32
 543 0206 21       		.byte	33
 544 0207 01       		.byte	1
 545 0208 22       		.byte	34
 546 0209 50       		.byte	80
 547 020a 24       		.byte	36
 548 020b 0C       		.byte	12
 549 020c 26       		.byte	38
 550 020d 03       		.byte	3
 551 020e 28       		.byte	40
 552 020f 05       		.byte	5
 553 0210 2A       		.byte	42
 554 0211 0A       		.byte	10
 555 0212 2C       		.byte	44
 556 0213 20       		.byte	32
 557 0214 2D       		.byte	45
 558 0215 0C       		.byte	12
 559 0216 2E       		.byte	46
 560 0217 40       		.byte	64
 561 0218 30       		.byte	48
 562 0219 10       		.byte	16
 563 021a 32       		.byte	50
 564 021b 0F       		.byte	15
 565 021c 33       		.byte	51
 566 021d 01       		.byte	1
 567 021e 34       		.byte	52
 568 021f 60       		.byte	96
 569 0220 35       		.byte	53
 570 0221 10       		.byte	16
ARM GAS  C:\Users\ROSS\AppData\Local\Temp\ccaFqsNb.s 			page 11


 571 0222 36       		.byte	54
 572 0223 80       		.byte	-128
 573 0224 37       		.byte	55
 574 0225 0E       		.byte	14
 575 0226 39       		.byte	57
 576 0227 80       		.byte	-128
 577 0228 3A       		.byte	58
 578 0229 20       		.byte	32
 579 022a 3F       		.byte	63
 580 022b 04       		.byte	4
 581 022c 56       		.byte	86
 582 022d 02       		.byte	2
 583 022e 57       		.byte	87
 584 022f 12       		.byte	18
 585 0230 58       		.byte	88
 586 0231 04       		.byte	4
 587 0232 59       		.byte	89
 588 0233 04       		.byte	4
 589 0234 5B       		.byte	91
 590 0235 04       		.byte	4
 591 0236 5D       		.byte	93
 592 0237 20       		.byte	32
 593 0238 5F       		.byte	95
 594 0239 01       		.byte	1
 595 023a D6       		.byte	-42
 596 023b 08       		.byte	8
 597 023c D8       		.byte	-40
 598 023d 04       		.byte	4
 599 023e D9       		.byte	-39
 600 023f 04       		.byte	4
 601 0240 DB       		.byte	-37
 602 0241 04       		.byte	4
 603 0242 DC       		.byte	-36
 604 0243 11       		.byte	17
 605 0244 DD       		.byte	-35
 606 0245 90       		.byte	-112
 607 0246 DF       		.byte	-33
 608 0247 01       		.byte	1
 609 0248 01       		.byte	1
 610 0249 40       		.byte	64
 611 024a 03       		.byte	3
 612 024b 20       		.byte	32
 613 024c 04       		.byte	4
 614 024d 54       		.byte	84
 615 024e 07       		.byte	7
 616 024f 40       		.byte	64
 617 0250 08       		.byte	8
 618 0251 48       		.byte	72
 619 0252 0E       		.byte	14
 620 0253 2A       		.byte	42
 621 0254 10       		.byte	16
 622 0255 20       		.byte	32
 623 0256 11       		.byte	17
 624 0257 05       		.byte	5
 625 0258 13       		.byte	19
 626 0259 20       		.byte	32
 627 025a 14       		.byte	20
ARM GAS  C:\Users\ROSS\AppData\Local\Temp\ccaFqsNb.s 			page 12


 628 025b 10       		.byte	16
 629 025c 15       		.byte	21
 630 025d 02       		.byte	2
 631 025e 16       		.byte	22
 632 025f 0A       		.byte	10
 633 0260 1C       		.byte	28
 634 0261 74       		.byte	116
 635 0262 1F       		.byte	31
 636 0263 80       		.byte	-128
 637 0264 25       		.byte	37
 638 0265 88       		.byte	-120
 639 0266 27       		.byte	39
 640 0267 05       		.byte	5
 641 0268 28       		.byte	40
 642 0269 08       		.byte	8
 643 026a 2B       		.byte	43
 644 026b 24       		.byte	36
 645 026c 2E       		.byte	46
 646 026d 40       		.byte	64
 647 026e 2F       		.byte	47
 648 026f 80       		.byte	-128
 649 0270 30       		.byte	48
 650 0271 60       		.byte	96
 651 0272 36       		.byte	54
 652 0273 84       		.byte	-124
 653 0274 37       		.byte	55
 654 0275 01       		.byte	1
 655 0276 39       		.byte	57
 656 0277 61       		.byte	97
 657 0278 3B       		.byte	59
 658 0279 02       		.byte	2
 659 027a 3E       		.byte	62
 660 027b 81       		.byte	-127
 661 027c 3F       		.byte	63
 662 027d 11       		.byte	17
 663 027e 5A       		.byte	90
 664 027f 80       		.byte	-128
 665 0280 5E       		.byte	94
 666 0281 04       		.byte	4
 667 0282 63       		.byte	99
 668 0283 02       		.byte	2
 669 0284 6C       		.byte	108
 670 0285 04       		.byte	4
 671 0286 6D       		.byte	109
 672 0287 80       		.byte	-128
 673 0288 6F       		.byte	111
 674 0289 10       		.byte	16
 675 028a 76       		.byte	118
 676 028b 24       		.byte	36
 677 028c 77       		.byte	119
 678 028d 02       		.byte	2
 679 028e 82       		.byte	-126
 680 028f 02       		.byte	2
 681 0290 88       		.byte	-120
 682 0291 40       		.byte	64
 683 0292 89       		.byte	-119
 684 0293 04       		.byte	4
ARM GAS  C:\Users\ROSS\AppData\Local\Temp\ccaFqsNb.s 			page 13


 685 0294 8B       		.byte	-117
 686 0295 12       		.byte	18
 687 0296 8C       		.byte	-116
 688 0297 08       		.byte	8
 689 0298 8F       		.byte	-113
 690 0299 10       		.byte	16
 691 029a 90       		.byte	-112
 692 029b 20       		.byte	32
 693 029c 92       		.byte	-110
 694 029d 04       		.byte	4
 695 029e 94       		.byte	-108
 696 029f 0C       		.byte	12
 697 02a0 96       		.byte	-106
 698 02a1 40       		.byte	64
 699 02a2 97       		.byte	-105
 700 02a3 25       		.byte	37
 701 02a4 9C       		.byte	-100
 702 02a5 80       		.byte	-128
 703 02a6 9D       		.byte	-99
 704 02a7 01       		.byte	1
 705 02a8 9F       		.byte	-97
 706 02a9 06       		.byte	6
 707 02aa A2       		.byte	-94
 708 02ab 15       		.byte	21
 709 02ac A3       		.byte	-93
 710 02ad 02       		.byte	2
 711 02ae A4       		.byte	-92
 712 02af 90       		.byte	-112
 713 02b0 A5       		.byte	-91
 714 02b1 84       		.byte	-124
 715 02b2 A6       		.byte	-90
 716 02b3 A0       		.byte	-96
 717 02b4 A7       		.byte	-89
 718 02b5 29       		.byte	41
 719 02b6 AC       		.byte	-84
 720 02b7 10       		.byte	16
 721 02b8 AE       		.byte	-82
 722 02b9 05       		.byte	5
 723 02ba B7       		.byte	-73
 724 02bb 20       		.byte	32
 725 02bc C0       		.byte	-64
 726 02bd F5       		.byte	-11
 727 02be C2       		.byte	-62
 728 02bf E5       		.byte	-27
 729 02c0 C4       		.byte	-60
 730 02c1 FE       		.byte	-2
 731 02c2 CA       		.byte	-54
 732 02c3 96       		.byte	-106
 733 02c4 CC       		.byte	-52
 734 02c5 DC       		.byte	-36
 735 02c6 CE       		.byte	-50
 736 02c7 BD       		.byte	-67
 737 02c8 D6       		.byte	-42
 738 02c9 48       		.byte	72
 739 02ca D8       		.byte	-40
 740 02cb 08       		.byte	8
 741 02cc E2       		.byte	-30
ARM GAS  C:\Users\ROSS\AppData\Local\Temp\ccaFqsNb.s 			page 14


 742 02cd 02       		.byte	2
 743 02ce E6       		.byte	-26
 744 02cf 06       		.byte	6
 745 02d0 E8       		.byte	-24
 746 02d1 10       		.byte	16
 747 02d2 EA       		.byte	-22
 748 02d3 02       		.byte	2
 749 02d4 EE       		.byte	-18
 750 02d5 04       		.byte	4
 751 02d6 04       		.byte	4
 752 02d7 30       		.byte	48
 753 02d8 06       		.byte	6
 754 02d9 C9       		.byte	-55
 755 02da 07       		.byte	7
 756 02db 06       		.byte	6
 757 02dc 0A       		.byte	10
 758 02dd 0F       		.byte	15
 759 02de 0C       		.byte	12
 760 02df FD       		.byte	-3
 761 02e0 0E       		.byte	14
 762 02e1 02       		.byte	2
 763 02e2 10       		.byte	16
 764 02e3 CF       		.byte	-49
 765 02e4 12       		.byte	18
 766 02e5 30       		.byte	48
 767 02e6 15       		.byte	21
 768 02e7 08       		.byte	8
 769 02e8 19       		.byte	25
 770 02e9 02       		.byte	2
 771 02ea 1C       		.byte	28
 772 02eb 73       		.byte	115
 773 02ec 1D       		.byte	29
 774 02ed 08       		.byte	8
 775 02ee 20       		.byte	32
 776 02ef 9E       		.byte	-98
 777 02f0 21       		.byte	33
 778 02f1 08       		.byte	8
 779 02f2 22       		.byte	34
 780 02f3 60       		.byte	96
 781 02f4 23       		.byte	35
 782 02f5 01       		.byte	1
 783 02f6 28       		.byte	40
 784 02f7 94       		.byte	-108
 785 02f8 2A       		.byte	42
 786 02f9 60       		.byte	96
 787 02fa 31       		.byte	49
 788 02fb 02       		.byte	2
 789 02fc 33       		.byte	51
 790 02fd 08       		.byte	8
 791 02fe 34       		.byte	52
 792 02ff FF       		.byte	-1
 793 0300 35       		.byte	53
 794 0301 04       		.byte	4
 795 0302 37       		.byte	55
 796 0303 01       		.byte	1
 797 0304 39       		.byte	57
 798 0305 08       		.byte	8
ARM GAS  C:\Users\ROSS\AppData\Local\Temp\ccaFqsNb.s 			page 15


 799 0306 3E       		.byte	62
 800 0307 10       		.byte	16
 801 0308 3F       		.byte	63
 802 0309 05       		.byte	5
 803 030a 52       		.byte	82
 804 030b 80       		.byte	-128
 805 030c 54       		.byte	84
 806 030d 0F       		.byte	15
 807 030e 58       		.byte	88
 808 030f 04       		.byte	4
 809 0310 59       		.byte	89
 810 0311 04       		.byte	4
 811 0312 5B       		.byte	91
 812 0313 04       		.byte	4
 813 0314 5F       		.byte	95
 814 0315 05       		.byte	5
 815 0316 84       		.byte	-124
 816 0317 01       		.byte	1
 817 0318 85       		.byte	-123
 818 0319 30       		.byte	48
 819 031a 87       		.byte	-121
 820 031b C9       		.byte	-55
 821 031c 88       		.byte	-120
 822 031d 0C       		.byte	12
 823 031e 89       		.byte	-119
 824 031f FD       		.byte	-3
 825 0320 8B       		.byte	-117
 826 0321 02       		.byte	2
 827 0322 8C       		.byte	-116
 828 0323 10       		.byte	16
 829 0324 8F       		.byte	-113
 830 0325 0F       		.byte	15
 831 0326 91       		.byte	-111
 832 0327 94       		.byte	-108
 833 0328 93       		.byte	-109
 834 0329 60       		.byte	96
 835 032a 94       		.byte	-108
 836 032b 06       		.byte	6
 837 032c 98       		.byte	-104
 838 032d 0C       		.byte	12
 839 032e 99       		.byte	-103
 840 032f 9E       		.byte	-98
 841 0330 9B       		.byte	-101
 842 0331 60       		.byte	96
 843 0332 9E       		.byte	-98
 844 0333 10       		.byte	16
 845 0334 A2       		.byte	-94
 846 0335 20       		.byte	32
 847 0336 A4       		.byte	-92
 848 0337 0A       		.byte	10
 849 0338 A5       		.byte	-91
 850 0339 CF       		.byte	-49
 851 033a A7       		.byte	-89
 852 033b 30       		.byte	48
 853 033c A9       		.byte	-87
 854 033d 73       		.byte	115
 855 033e AA       		.byte	-86
ARM GAS  C:\Users\ROSS\AppData\Local\Temp\ccaFqsNb.s 			page 16


 856 033f 01       		.byte	1
 857 0340 AE       		.byte	-82
 858 0341 01       		.byte	1
 859 0342 B0       		.byte	-80
 860 0343 01       		.byte	1
 861 0344 B2       		.byte	-78
 862 0345 0E       		.byte	14
 863 0346 B4       		.byte	-76
 864 0347 10       		.byte	16
 865 0348 B5       		.byte	-75
 866 0349 FF       		.byte	-1
 867 034a B6       		.byte	-74
 868 034b 20       		.byte	32
 869 034c B8       		.byte	-72
 870 034d 08       		.byte	8
 871 034e BE       		.byte	-66
 872 034f 11       		.byte	17
 873 0350 BF       		.byte	-65
 874 0351 10       		.byte	16
 875 0352 D6       		.byte	-42
 876 0353 08       		.byte	8
 877 0354 D8       		.byte	-40
 878 0355 04       		.byte	4
 879 0356 D9       		.byte	-39
 880 0357 04       		.byte	4
 881 0358 DB       		.byte	-37
 882 0359 04       		.byte	4
 883 035a DD       		.byte	-35
 884 035b 90       		.byte	-112
 885 035c DF       		.byte	-33
 886 035d 01       		.byte	1
 887 035e 00       		.byte	0
 888 035f 04       		.byte	4
 889 0360 01       		.byte	1
 890 0361 20       		.byte	32
 891 0362 02       		.byte	2
 892 0363 04       		.byte	4
 893 0364 03       		.byte	3
 894 0365 02       		.byte	2
 895 0366 04       		.byte	4
 896 0367 80       		.byte	-128
 897 0368 05       		.byte	5
 898 0369 10       		.byte	16
 899 036a 07       		.byte	7
 900 036b 20       		.byte	32
 901 036c 09       		.byte	9
 902 036d 80       		.byte	-128
 903 036e 0A       		.byte	10
 904 036f 40       		.byte	64
 905 0370 0C       		.byte	12
 906 0371 90       		.byte	-112
 907 0372 0E       		.byte	14
 908 0373 20       		.byte	32
 909 0374 11       		.byte	17
 910 0375 10       		.byte	16
 911 0376 12       		.byte	18
 912 0377 80       		.byte	-128
ARM GAS  C:\Users\ROSS\AppData\Local\Temp\ccaFqsNb.s 			page 17


 913 0378 16       		.byte	22
 914 0379 64       		.byte	100
 915 037a 17       		.byte	23
 916 037b 40       		.byte	64
 917 037c 1A       		.byte	26
 918 037d 08       		.byte	8
 919 037e 1C       		.byte	28
 920 037f 40       		.byte	64
 921 0380 1E       		.byte	30
 922 0381 25       		.byte	37
 923 0382 1F       		.byte	31
 924 0383 08       		.byte	8
 925 0384 21       		.byte	33
 926 0385 40       		.byte	64
 927 0386 22       		.byte	34
 928 0387 10       		.byte	16
 929 0388 23       		.byte	35
 930 0389 94       		.byte	-108
 931 038a 27       		.byte	39
 932 038b 08       		.byte	8
 933 038c 29       		.byte	41
 934 038d 01       		.byte	1
 935 038e 2C       		.byte	44
 936 038f 10       		.byte	16
 937 0390 2F       		.byte	47
 938 0391 18       		.byte	24
 939 0392 30       		.byte	48
 940 0393 80       		.byte	-128
 941 0394 32       		.byte	50
 942 0395 10       		.byte	16
 943 0396 33       		.byte	51
 944 0397 08       		.byte	8
 945 0398 35       		.byte	53
 946 0399 10       		.byte	16
 947 039a 36       		.byte	54
 948 039b 21       		.byte	33
 949 039c 38       		.byte	56
 950 039d 28       		.byte	40
 951 039e 39       		.byte	57
 952 039f 10       		.byte	16
 953 03a0 3C       		.byte	60
 954 03a1 A0       		.byte	-96
 955 03a2 3D       		.byte	61
 956 03a3 08       		.byte	8
 957 03a4 3E       		.byte	62
 958 03a5 28       		.byte	40
 959 03a6 5A       		.byte	90
 960 03a7 06       		.byte	6
 961 03a8 5B       		.byte	91
 962 03a9 90       		.byte	-112
 963 03aa 5F       		.byte	95
 964 03ab 40       		.byte	64
 965 03ac 61       		.byte	97
 966 03ad 24       		.byte	36
 967 03ae 66       		.byte	102
 968 03af 40       		.byte	64
 969 03b0 72       		.byte	114
ARM GAS  C:\Users\ROSS\AppData\Local\Temp\ccaFqsNb.s 			page 18


 970 03b1 80       		.byte	-128
 971 03b2 7A       		.byte	122
 972 03b3 10       		.byte	16
 973 03b4 84       		.byte	-124
 974 03b5 08       		.byte	8
 975 03b6 8D       		.byte	-115
 976 03b7 40       		.byte	64
 977 03b8 8E       		.byte	-114
 978 03b9 40       		.byte	64
 979 03ba 90       		.byte	-112
 980 03bb 24       		.byte	36
 981 03bc 91       		.byte	-111
 982 03bd 20       		.byte	32
 983 03be 93       		.byte	-109
 984 03bf 40       		.byte	64
 985 03c0 95       		.byte	-107
 986 03c1 40       		.byte	64
 987 03c2 96       		.byte	-106
 988 03c3 C1       		.byte	-63
 989 03c4 97       		.byte	-105
 990 03c5 26       		.byte	38
 991 03c6 98       		.byte	-104
 992 03c7 40       		.byte	64
 993 03c8 9B       		.byte	-101
 994 03c9 01       		.byte	1
 995 03ca 9C       		.byte	-100
 996 03cb 90       		.byte	-112
 997 03cc 9D       		.byte	-99
 998 03cd 01       		.byte	1
 999 03ce 9E       		.byte	-98
 1000 03cf 88       		.byte	-120
 1001 03d0 A0       		.byte	-96
 1002 03d1 10       		.byte	16
 1003 03d2 A1       		.byte	-95
 1004 03d3 88       		.byte	-120
 1005 03d4 A2       		.byte	-94
 1006 03d5 01       		.byte	1
 1007 03d6 A3       		.byte	-93
 1008 03d7 02       		.byte	2
 1009 03d8 A4       		.byte	-92
 1010 03d9 80       		.byte	-128
 1011 03da A5       		.byte	-91
 1012 03db 04       		.byte	4
 1013 03dc A6       		.byte	-90
 1014 03dd A0       		.byte	-96
 1015 03de A7       		.byte	-89
 1016 03df 2C       		.byte	44
 1017 03e0 AB       		.byte	-85
 1018 03e1 49       		.byte	73
 1019 03e2 AD       		.byte	-83
 1020 03e3 40       		.byte	64
 1021 03e4 AF       		.byte	-81
 1022 03e5 40       		.byte	64
 1023 03e6 B1       		.byte	-79
 1024 03e7 11       		.byte	17
 1025 03e8 B3       		.byte	-77
 1026 03e9 20       		.byte	32
ARM GAS  C:\Users\ROSS\AppData\Local\Temp\ccaFqsNb.s 			page 19


 1027 03ea B6       		.byte	-74
 1028 03eb 24       		.byte	36
 1029 03ec C0       		.byte	-64
 1030 03ed E7       		.byte	-25
 1031 03ee C2       		.byte	-62
 1032 03ef E9       		.byte	-23
 1033 03f0 C4       		.byte	-60
 1034 03f1 FA       		.byte	-6
 1035 03f2 CA       		.byte	-54
 1036 03f3 61       		.byte	97
 1037 03f4 CC       		.byte	-52
 1038 03f5 AE       		.byte	-82
 1039 03f6 CE       		.byte	-50
 1040 03f7 72       		.byte	114
 1041 03f8 D6       		.byte	-42
 1042 03f9 1F       		.byte	31
 1043 03fa D8       		.byte	-40
 1044 03fb 16       		.byte	22
 1045 03fc DE       		.byte	-34
 1046 03fd 02       		.byte	2
 1047 03fe E0       		.byte	-32
 1048 03ff 10       		.byte	16
 1049 0400 E6       		.byte	-26
 1050 0401 08       		.byte	8
 1051 0402 E8       		.byte	-24
 1052 0403 12       		.byte	18
 1053 0404 EC       		.byte	-20
 1054 0405 04       		.byte	4
 1055 0406 01       		.byte	1
 1056 0407 07       		.byte	7
 1057 0408 04       		.byte	4
 1058 0409 B7       		.byte	-73
 1059 040a 06       		.byte	6
 1060 040b 40       		.byte	64
 1061 040c 07       		.byte	7
 1062 040d 0F       		.byte	15
 1063 040e 08       		.byte	8
 1064 040f C1       		.byte	-63
 1065 0410 0A       		.byte	10
 1066 0411 12       		.byte	18
 1067 0412 11       		.byte	17
 1068 0413 08       		.byte	8
 1069 0414 13       		.byte	19
 1070 0415 01       		.byte	1
 1071 0416 14       		.byte	20
 1072 0417 77       		.byte	119
 1073 0418 17       		.byte	23
 1074 0419 10       		.byte	16
 1075 041a 18       		.byte	24
 1076 041b C0       		.byte	-64
 1077 041c 19       		.byte	25
 1078 041d 0C       		.byte	12
 1079 041e 1A       		.byte	26
 1080 041f 24       		.byte	36
 1081 0420 1B       		.byte	27
 1082 0421 02       		.byte	2
 1083 0422 1C       		.byte	28
ARM GAS  C:\Users\ROSS\AppData\Local\Temp\ccaFqsNb.s 			page 20


 1084 0423 01       		.byte	1
 1085 0424 1E       		.byte	30
 1086 0425 F2       		.byte	-14
 1087 0426 22       		.byte	34
 1088 0427 07       		.byte	7
 1089 0428 23       		.byte	35
 1090 0429 20       		.byte	32
 1091 042a 25       		.byte	37
 1092 042b 0C       		.byte	12
 1093 042c 26       		.byte	38
 1094 042d 08       		.byte	8
 1095 042e 27       		.byte	39
 1096 042f 01       		.byte	1
 1097 0430 28       		.byte	40
 1098 0431 84       		.byte	-124
 1099 0432 29       		.byte	41
 1100 0433 0B       		.byte	11
 1101 0434 2A       		.byte	42
 1102 0435 10       		.byte	16
 1103 0436 2B       		.byte	43
 1104 0437 04       		.byte	4
 1105 0438 30       		.byte	48
 1106 0439 0F       		.byte	15
 1107 043a 31       		.byte	49
 1108 043b 20       		.byte	32
 1109 043c 34       		.byte	52
 1110 043d F0       		.byte	-16
 1111 043e 35       		.byte	53
 1112 043f 0F       		.byte	15
 1113 0440 37       		.byte	55
 1114 0441 10       		.byte	16
 1115 0442 40       		.byte	64
 1116 0443 36       		.byte	54
 1117 0444 41       		.byte	65
 1118 0445 04       		.byte	4
 1119 0446 49       		.byte	73
 1120 0447 FF       		.byte	-1
 1121 0448 4A       		.byte	74
 1122 0449 FF       		.byte	-1
 1123 044a 4B       		.byte	75
 1124 044b FF       		.byte	-1
 1125 044c 4D       		.byte	77
 1126 044d A0       		.byte	-96
 1127 044e 4F       		.byte	79
 1128 044f 01       		.byte	1
 1129 0450 50       		.byte	80
 1130 0451 18       		.byte	24
 1131 0452 58       		.byte	88
 1132 0453 04       		.byte	4
 1133 0454 59       		.byte	89
 1134 0455 04       		.byte	4
 1135 0456 5A       		.byte	90
 1136 0457 04       		.byte	4
 1137 0458 5F       		.byte	95
 1138 0459 01       		.byte	1
 1139 045a 60       		.byte	96
 1140 045b 40       		.byte	64
ARM GAS  C:\Users\ROSS\AppData\Local\Temp\ccaFqsNb.s 			page 21


 1141 045c 62       		.byte	98
 1142 045d 80       		.byte	-128
 1143 045e 64       		.byte	100
 1144 045f 40       		.byte	64
 1145 0460 65       		.byte	101
 1146 0461 40       		.byte	64
 1147 0462 66       		.byte	102
 1148 0463 80       		.byte	-128
 1149 0464 68       		.byte	104
 1150 0465 40       		.byte	64
 1151 0466 6A       		.byte	106
 1152 0467 80       		.byte	-128
 1153 0468 6C       		.byte	108
 1154 0469 40       		.byte	64
 1155 046a 6D       		.byte	109
 1156 046b 20       		.byte	32
 1157 046c 6E       		.byte	110
 1158 046d 80       		.byte	-128
 1159 046e 80       		.byte	-128
 1160 046f C1       		.byte	-63
 1161 0470 82       		.byte	-126
 1162 0471 12       		.byte	18
 1163 0472 84       		.byte	-124
 1164 0473 84       		.byte	-124
 1165 0474 86       		.byte	-122
 1166 0475 10       		.byte	16
 1167 0476 8A       		.byte	-118
 1168 0477 07       		.byte	7
 1169 0478 8C       		.byte	-116
 1170 0479 B7       		.byte	-73
 1171 047a 8E       		.byte	-114
 1172 047b 40       		.byte	64
 1173 047c 90       		.byte	-112
 1174 047d C0       		.byte	-64
 1175 047e 92       		.byte	-110
 1176 047f 24       		.byte	36
 1177 0480 9A       		.byte	-102
 1178 0481 08       		.byte	8
 1179 0482 9C       		.byte	-100
 1180 0483 77       		.byte	119
 1181 0484 A8       		.byte	-88
 1182 0485 01       		.byte	1
 1183 0486 AA       		.byte	-86
 1184 0487 F2       		.byte	-14
 1185 0488 B0       		.byte	-80
 1186 0489 F0       		.byte	-16
 1187 048a B4       		.byte	-76
 1188 048b 0F       		.byte	15
 1189 048c C0       		.byte	-64
 1190 048d 36       		.byte	54
 1191 048e C1       		.byte	-63
 1192 048f 04       		.byte	4
 1193 0490 C5       		.byte	-59
 1194 0491 2E       		.byte	46
 1195 0492 C6       		.byte	-58
 1196 0493 C3       		.byte	-61
 1197 0494 C7       		.byte	-57
ARM GAS  C:\Users\ROSS\AppData\Local\Temp\ccaFqsNb.s 			page 22


 1198 0495 04       		.byte	4
 1199 0496 C8       		.byte	-56
 1200 0497 1F       		.byte	31
 1201 0498 C9       		.byte	-55
 1202 0499 FF       		.byte	-1
 1203 049a CA       		.byte	-54
 1204 049b FF       		.byte	-1
 1205 049c CB       		.byte	-53
 1206 049d FF       		.byte	-1
 1207 049e CD       		.byte	-51
 1208 049f AF       		.byte	-81
 1209 04a0 CE       		.byte	-50
 1210 04a1 07       		.byte	7
 1211 04a2 CF       		.byte	-49
 1212 04a3 01       		.byte	1
 1213 04a4 D0       		.byte	-48
 1214 04a5 18       		.byte	24
 1215 04a6 D8       		.byte	-40
 1216 04a7 04       		.byte	4
 1217 04a8 D9       		.byte	-39
 1218 04a9 04       		.byte	4
 1219 04aa DA       		.byte	-38
 1220 04ab 04       		.byte	4
 1221 04ac DC       		.byte	-36
 1222 04ad 10       		.byte	16
 1223 04ae DF       		.byte	-33
 1224 04af 01       		.byte	1
 1225 04b0 E0       		.byte	-32
 1226 04b1 40       		.byte	64
 1227 04b2 E2       		.byte	-30
 1228 04b3 80       		.byte	-128
 1229 04b4 E4       		.byte	-28
 1230 04b5 40       		.byte	64
 1231 04b6 E5       		.byte	-27
 1232 04b7 40       		.byte	64
 1233 04b8 E6       		.byte	-26
 1234 04b9 80       		.byte	-128
 1235 04ba E8       		.byte	-24
 1236 04bb 40       		.byte	64
 1237 04bc EA       		.byte	-22
 1238 04bd 80       		.byte	-128
 1239 04be EC       		.byte	-20
 1240 04bf 40       		.byte	64
 1241 04c0 ED       		.byte	-19
 1242 04c1 20       		.byte	32
 1243 04c2 EE       		.byte	-18
 1244 04c3 80       		.byte	-128
 1245 04c4 00       		.byte	0
 1246 04c5 04       		.byte	4
 1247 04c6 01       		.byte	1
 1248 04c7 20       		.byte	32
 1249 04c8 02       		.byte	2
 1250 04c9 80       		.byte	-128
 1251 04ca 03       		.byte	3
 1252 04cb 02       		.byte	2
 1253 04cc 06       		.byte	6
 1254 04cd 20       		.byte	32
ARM GAS  C:\Users\ROSS\AppData\Local\Temp\ccaFqsNb.s 			page 23


 1255 04ce 07       		.byte	7
 1256 04cf 04       		.byte	4
 1257 04d0 09       		.byte	9
 1258 04d1 80       		.byte	-128
 1259 04d2 0A       		.byte	10
 1260 04d3 48       		.byte	72
 1261 04d4 0E       		.byte	14
 1262 04d5 26       		.byte	38
 1263 04d6 11       		.byte	17
 1264 04d7 10       		.byte	16
 1265 04d8 14       		.byte	20
 1266 04d9 80       		.byte	-128
 1267 04da 16       		.byte	22
 1268 04db 08       		.byte	8
 1269 04dc 17       		.byte	23
 1270 04dd 08       		.byte	8
 1271 04de 19       		.byte	25
 1272 04df 22       		.byte	34
 1273 04e0 1A       		.byte	26
 1274 04e1 40       		.byte	64
 1275 04e2 1C       		.byte	28
 1276 04e3 80       		.byte	-128
 1277 04e4 1D       		.byte	29
 1278 04e5 02       		.byte	2
 1279 04e6 1E       		.byte	30
 1280 04e7 04       		.byte	4
 1281 04e8 1F       		.byte	31
 1282 04e9 10       		.byte	16
 1283 04ea 24       		.byte	36
 1284 04eb 80       		.byte	-128
 1285 04ec 25       		.byte	37
 1286 04ed 40       		.byte	64
 1287 04ee 26       		.byte	38
 1288 04ef 20       		.byte	32
 1289 04f0 27       		.byte	39
 1290 04f1 04       		.byte	4
 1291 04f2 28       		.byte	40
 1292 04f3 40       		.byte	64
 1293 04f4 2B       		.byte	43
 1294 04f5 24       		.byte	36
 1295 04f6 2C       		.byte	44
 1296 04f7 80       		.byte	-128
 1297 04f8 2E       		.byte	46
 1298 04f9 20       		.byte	32
 1299 04fa 2F       		.byte	47
 1300 04fb 10       		.byte	16
 1301 04fc 30       		.byte	48
 1302 04fd 10       		.byte	16
 1303 04fe 34       		.byte	52
 1304 04ff 08       		.byte	8
 1305 0500 36       		.byte	54
 1306 0501 21       		.byte	33
 1307 0502 39       		.byte	57
 1308 0503 20       		.byte	32
 1309 0504 3B       		.byte	59
 1310 0505 82       		.byte	-126
 1311 0506 3D       		.byte	61
ARM GAS  C:\Users\ROSS\AppData\Local\Temp\ccaFqsNb.s 			page 24


 1312 0507 08       		.byte	8
 1313 0508 3E       		.byte	62
 1314 0509 02       		.byte	2
 1315 050a 41       		.byte	65
 1316 050b 0A       		.byte	10
 1317 050c 44       		.byte	68
 1318 050d 80       		.byte	-128
 1319 050e 45       		.byte	69
 1320 050f 0A       		.byte	10
 1321 0510 49       		.byte	73
 1322 0511 05       		.byte	5
 1323 0512 4B       		.byte	75
 1324 0513 10       		.byte	16
 1325 0514 4F       		.byte	79
 1326 0515 10       		.byte	16
 1327 0516 50       		.byte	80
 1328 0517 84       		.byte	-124
 1329 0518 51       		.byte	81
 1330 0519 20       		.byte	32
 1331 051a 84       		.byte	-124
 1332 051b 10       		.byte	16
 1333 051c 87       		.byte	-121
 1334 051d 40       		.byte	64
 1335 051e 8A       		.byte	-118
 1336 051f 01       		.byte	1
 1337 0520 8D       		.byte	-115
 1338 0521 01       		.byte	1
 1339 0522 8F       		.byte	-113
 1340 0523 10       		.byte	16
 1341 0524 90       		.byte	-112
 1342 0525 64       		.byte	100
 1343 0526 91       		.byte	-111
 1344 0527 30       		.byte	48
 1345 0528 92       		.byte	-110
 1346 0529 08       		.byte	8
 1347 052a 93       		.byte	-109
 1348 052b 10       		.byte	16
 1349 052c 94       		.byte	-108
 1350 052d 88       		.byte	-120
 1351 052e 96       		.byte	-106
 1352 052f 42       		.byte	66
 1353 0530 97       		.byte	-105
 1354 0531 22       		.byte	34
 1355 0532 98       		.byte	-104
 1356 0533 48       		.byte	72
 1357 0534 9A       		.byte	-102
 1358 0535 28       		.byte	40
 1359 0536 9B       		.byte	-101
 1360 0537 09       		.byte	9
 1361 0538 9C       		.byte	-100
 1362 0539 80       		.byte	-128
 1363 053a 9D       		.byte	-99
 1364 053b 25       		.byte	37
 1365 053c 9F       		.byte	-97
 1366 053d 70       		.byte	112
 1367 053e A1       		.byte	-95
 1368 053f 88       		.byte	-120
ARM GAS  C:\Users\ROSS\AppData\Local\Temp\ccaFqsNb.s 			page 25


 1369 0540 A2       		.byte	-94
 1370 0541 11       		.byte	17
 1371 0542 A3       		.byte	-93
 1372 0543 02       		.byte	2
 1373 0544 A4       		.byte	-92
 1374 0545 C0       		.byte	-64
 1375 0546 A5       		.byte	-91
 1376 0547 24       		.byte	36
 1377 0548 A6       		.byte	-90
 1378 0549 A0       		.byte	-96
 1379 054a A7       		.byte	-89
 1380 054b 24       		.byte	36
 1381 054c B3       		.byte	-77
 1382 054d 20       		.byte	32
 1383 054e B5       		.byte	-75
 1384 054f 40       		.byte	64
 1385 0550 C0       		.byte	-64
 1386 0551 6F       		.byte	111
 1387 0552 C2       		.byte	-62
 1388 0553 EB       		.byte	-21
 1389 0554 C4       		.byte	-60
 1390 0555 72       		.byte	114
 1391 0556 CA       		.byte	-54
 1392 0557 E7       		.byte	-25
 1393 0558 CC       		.byte	-52
 1394 0559 E4       		.byte	-28
 1395 055a CE       		.byte	-50
 1396 055b CD       		.byte	-51
 1397 055c D0       		.byte	-48
 1398 055d C3       		.byte	-61
 1399 055e D2       		.byte	-46
 1400 055f 24       		.byte	36
 1401 0560 E0       		.byte	-32
 1402 0561 01       		.byte	1
 1403 0562 E2       		.byte	-30
 1404 0563 08       		.byte	8
 1405 0564 E4       		.byte	-28
 1406 0565 08       		.byte	8
 1407 0566 E6       		.byte	-26
 1408 0567 01       		.byte	1
 1409 0568 EA       		.byte	-22
 1410 0569 4A       		.byte	74
 1411 056a EE       		.byte	-18
 1412 056b 01       		.byte	1
 1413 056c 04       		.byte	4
 1414 056d 10       		.byte	16
 1415 056e 08       		.byte	8
 1416 056f 02       		.byte	2
 1417 0570 09       		.byte	9
 1418 0571 04       		.byte	4
 1419 0572 0E       		.byte	14
 1420 0573 08       		.byte	8
 1421 0574 15       		.byte	21
 1422 0575 01       		.byte	1
 1423 0576 16       		.byte	22
 1424 0577 02       		.byte	2
 1425 0578 1B       		.byte	27
ARM GAS  C:\Users\ROSS\AppData\Local\Temp\ccaFqsNb.s 			page 26


 1426 0579 03       		.byte	3
 1427 057a 1E       		.byte	30
 1428 057b 08       		.byte	8
 1429 057c 20       		.byte	32
 1430 057d 10       		.byte	16
 1431 057e 28       		.byte	40
 1432 057f 01       		.byte	1
 1433 0580 2E       		.byte	46
 1434 0581 04       		.byte	4
 1435 0582 2F       		.byte	47
 1436 0583 04       		.byte	4
 1437 0584 30       		.byte	48
 1438 0585 08       		.byte	8
 1439 0586 32       		.byte	50
 1440 0587 06       		.byte	6
 1441 0588 33       		.byte	51
 1442 0589 02       		.byte	2
 1443 058a 34       		.byte	52
 1444 058b 10       		.byte	16
 1445 058c 35       		.byte	53
 1446 058d 01       		.byte	1
 1447 058e 36       		.byte	54
 1448 058f 01       		.byte	1
 1449 0590 37       		.byte	55
 1450 0591 04       		.byte	4
 1451 0592 38       		.byte	56
 1452 0593 20       		.byte	32
 1453 0594 3E       		.byte	62
 1454 0595 51       		.byte	81
 1455 0596 3F       		.byte	63
 1456 0597 40       		.byte	64
 1457 0598 52       		.byte	82
 1458 0599 03       		.byte	3
 1459 059a 53       		.byte	83
 1460 059b 02       		.byte	2
 1461 059c 58       		.byte	88
 1462 059d 04       		.byte	4
 1463 059e 59       		.byte	89
 1464 059f 0C       		.byte	12
 1465 05a0 5B       		.byte	91
 1466 05a1 04       		.byte	4
 1467 05a2 5C       		.byte	92
 1468 05a3 19       		.byte	25
 1469 05a4 5D       		.byte	93
 1470 05a5 10       		.byte	16
 1471 05a6 5F       		.byte	95
 1472 05a7 01       		.byte	1
 1473 05a8 8A       		.byte	-118
 1474 05a9 01       		.byte	1
 1475 05aa 8E       		.byte	-114
 1476 05ab 01       		.byte	1
 1477 05ac 94       		.byte	-108
 1478 05ad 01       		.byte	1
 1479 05ae 9A       		.byte	-102
 1480 05af 01       		.byte	1
 1481 05b0 9C       		.byte	-100
 1482 05b1 01       		.byte	1
ARM GAS  C:\Users\ROSS\AppData\Local\Temp\ccaFqsNb.s 			page 27


 1483 05b2 A0       		.byte	-96
 1484 05b3 01       		.byte	1
 1485 05b4 AA       		.byte	-86
 1486 05b5 01       		.byte	1
 1487 05b6 B6       		.byte	-74
 1488 05b7 01       		.byte	1
 1489 05b8 C0       		.byte	-64
 1490 05b9 01       		.byte	1
 1491 05ba C7       		.byte	-57
 1492 05bb 04       		.byte	4
 1493 05bc C9       		.byte	-55
 1494 05bd FF       		.byte	-1
 1495 05be CA       		.byte	-54
 1496 05bf 07       		.byte	7
 1497 05c0 CB       		.byte	-53
 1498 05c1 FF       		.byte	-1
 1499 05c2 CC       		.byte	-52
 1500 05c3 40       		.byte	64
 1501 05c4 CD       		.byte	-51
 1502 05c5 20       		.byte	32
 1503 05c6 CE       		.byte	-50
 1504 05c7 F0       		.byte	-16
 1505 05c8 CF       		.byte	-49
 1506 05c9 05       		.byte	5
 1507 05ca D0       		.byte	-48
 1508 05cb 08       		.byte	8
 1509 05cc D6       		.byte	-42
 1510 05cd 02       		.byte	2
 1511 05ce D7       		.byte	-41
 1512 05cf 35       		.byte	53
 1513 05d0 D8       		.byte	-40
 1514 05d1 04       		.byte	4
 1515 05d2 D9       		.byte	-39
 1516 05d3 04       		.byte	4
 1517 05d4 DA       		.byte	-38
 1518 05d5 04       		.byte	4
 1519 05d6 DB       		.byte	-37
 1520 05d7 0C       		.byte	12
 1521 05d8 DC       		.byte	-36
 1522 05d9 11       		.byte	17
 1523 05da DD       		.byte	-35
 1524 05db 12       		.byte	18
 1525 05dc DF       		.byte	-33
 1526 05dd 01       		.byte	1
 1527 05de E0       		.byte	-32
 1528 05df 40       		.byte	64
 1529 05e0 E1       		.byte	-31
 1530 05e1 A8       		.byte	-88
 1531 05e2 E2       		.byte	-30
 1532 05e3 40       		.byte	64
 1533 05e4 E3       		.byte	-29
 1534 05e5 20       		.byte	32
 1535 05e6 00       		.byte	0
 1536 05e7 40       		.byte	64
 1537 05e8 01       		.byte	1
 1538 05e9 20       		.byte	32
 1539 05ea 04       		.byte	4
ARM GAS  C:\Users\ROSS\AppData\Local\Temp\ccaFqsNb.s 			page 28


 1540 05eb 08       		.byte	8
 1541 05ec 06       		.byte	6
 1542 05ed 01       		.byte	1
 1543 05ee 07       		.byte	7
 1544 05ef 08       		.byte	8
 1545 05f0 08       		.byte	8
 1546 05f1 20       		.byte	32
 1547 05f2 0A       		.byte	10
 1548 05f3 01       		.byte	1
 1549 05f4 0B       		.byte	11
 1550 05f5 20       		.byte	32
 1551 05f6 0E       		.byte	14
 1552 05f7 20       		.byte	32
 1553 05f8 0F       		.byte	15
 1554 05f9 02       		.byte	2
 1555 05fa 10       		.byte	16
 1556 05fb 04       		.byte	4
 1557 05fc 11       		.byte	17
 1558 05fd 01       		.byte	1
 1559 05fe 13       		.byte	19
 1560 05ff 10       		.byte	16
 1561 0600 14       		.byte	20
 1562 0601 82       		.byte	-126
 1563 0602 15       		.byte	21
 1564 0603 10       		.byte	16
 1565 0604 1B       		.byte	27
 1566 0605 40       		.byte	64
 1567 0606 1C       		.byte	28
 1568 0607 04       		.byte	4
 1569 0608 1E       		.byte	30
 1570 0609 22       		.byte	34
 1571 060a 1F       		.byte	31
 1572 060b 01       		.byte	1
 1573 060c 25       		.byte	37
 1574 060d 20       		.byte	32
 1575 060e 26       		.byte	38
 1576 060f 04       		.byte	4
 1577 0610 27       		.byte	39
 1578 0611 0A       		.byte	10
 1579 0612 28       		.byte	40
 1580 0613 20       		.byte	32
 1581 0614 29       		.byte	41
 1582 0615 30       		.byte	48
 1583 0616 2B       		.byte	43
 1584 0617 80       		.byte	-128
 1585 0618 2C       		.byte	44
 1586 0619 22       		.byte	34
 1587 061a 2F       		.byte	47
 1588 061b 10       		.byte	16
 1589 061c 30       		.byte	48
 1590 061d 04       		.byte	4
 1591 061e 36       		.byte	54
 1592 061f 14       		.byte	20
 1593 0620 38       		.byte	56
 1594 0621 42       		.byte	66
 1595 0622 39       		.byte	57
 1596 0623 01       		.byte	1
ARM GAS  C:\Users\ROSS\AppData\Local\Temp\ccaFqsNb.s 			page 29


 1597 0624 3B       		.byte	59
 1598 0625 20       		.byte	32
 1599 0626 3D       		.byte	61
 1600 0627 20       		.byte	32
 1601 0628 41       		.byte	65
 1602 0629 40       		.byte	64
 1603 062a 48       		.byte	72
 1604 062b 04       		.byte	4
 1605 062c 4B       		.byte	75
 1606 062d 10       		.byte	16
 1607 062e 51       		.byte	81
 1608 062f 80       		.byte	-128
 1609 0630 52       		.byte	82
 1610 0631 08       		.byte	8
 1611 0632 5A       		.byte	90
 1612 0633 10       		.byte	16
 1613 0634 60       		.byte	96
 1614 0635 04       		.byte	4
 1615 0636 69       		.byte	105
 1616 0637 08       		.byte	8
 1617 0638 6B       		.byte	107
 1618 0639 45       		.byte	69
 1619 063a 6C       		.byte	108
 1620 063b 04       		.byte	4
 1621 063c 6D       		.byte	109
 1622 063d 40       		.byte	64
 1623 063e 6E       		.byte	110
 1624 063f 10       		.byte	16
 1625 0640 70       		.byte	112
 1626 0641 10       		.byte	16
 1627 0642 72       		.byte	114
 1628 0643 02       		.byte	2
 1629 0644 79       		.byte	121
 1630 0645 40       		.byte	64
 1631 0646 7D       		.byte	125
 1632 0647 40       		.byte	64
 1633 0648 82       		.byte	-126
 1634 0649 03       		.byte	3
 1635 064a 85       		.byte	-123
 1636 064b 10       		.byte	16
 1637 064c 87       		.byte	-121
 1638 064d 10       		.byte	16
 1639 064e 8B       		.byte	-117
 1640 064f 02       		.byte	2
 1641 0650 8C       		.byte	-116
 1642 0651 82       		.byte	-126
 1643 0652 91       		.byte	-111
 1644 0653 80       		.byte	-128
 1645 0654 92       		.byte	-110
 1646 0655 01       		.byte	1
 1647 0656 95       		.byte	-107
 1648 0657 20       		.byte	32
 1649 0658 97       		.byte	-105
 1650 0659 12       		.byte	18
 1651 065a 98       		.byte	-104
 1652 065b 02       		.byte	2
 1653 065c 9A       		.byte	-102
ARM GAS  C:\Users\ROSS\AppData\Local\Temp\ccaFqsNb.s 			page 30


 1654 065d 89       		.byte	-119
 1655 065e 9C       		.byte	-100
 1656 065f 28       		.byte	40
 1657 0660 9D       		.byte	-99
 1658 0661 11       		.byte	17
 1659 0662 9E       		.byte	-98
 1660 0663 40       		.byte	64
 1661 0664 A1       		.byte	-95
 1662 0665 10       		.byte	16
 1663 0666 A3       		.byte	-93
 1664 0667 81       		.byte	-127
 1665 0668 A4       		.byte	-92
 1666 0669 24       		.byte	36
 1667 066a A5       		.byte	-91
 1668 066b 80       		.byte	-128
 1669 066c A6       		.byte	-90
 1670 066d 08       		.byte	8
 1671 066e A8       		.byte	-88
 1672 066f 80       		.byte	-128
 1673 0670 AA       		.byte	-86
 1674 0671 01       		.byte	1
 1675 0672 AB       		.byte	-85
 1676 0673 10       		.byte	16
 1677 0674 AE       		.byte	-82
 1678 0675 02       		.byte	2
 1679 0676 B3       		.byte	-77
 1680 0677 A0       		.byte	-96
 1681 0678 B4       		.byte	-76
 1682 0679 01       		.byte	1
 1683 067a B5       		.byte	-75
 1684 067b 10       		.byte	16
 1685 067c C0       		.byte	-64
 1686 067d E3       		.byte	-29
 1687 067e C2       		.byte	-62
 1688 067f A7       		.byte	-89
 1689 0680 C4       		.byte	-60
 1690 0681 DA       		.byte	-38
 1691 0682 CA       		.byte	-54
 1692 0683 17       		.byte	23
 1693 0684 CC       		.byte	-52
 1694 0685 62       		.byte	98
 1695 0686 CE       		.byte	-50
 1696 0687 2D       		.byte	45
 1697 0688 D0       		.byte	-48
 1698 0689 08       		.byte	8
 1699 068a D6       		.byte	-42
 1700 068b 04       		.byte	4
 1701 068c D8       		.byte	-40
 1702 068d 04       		.byte	4
 1703 068e DE       		.byte	-34
 1704 068f 18       		.byte	24
 1705 0690 E2       		.byte	-30
 1706 0691 20       		.byte	32
 1707 0692 E4       		.byte	-28
 1708 0693 40       		.byte	64
 1709 0694 E8       		.byte	-24
 1710 0695 80       		.byte	-128
ARM GAS  C:\Users\ROSS\AppData\Local\Temp\ccaFqsNb.s 			page 31


 1711 0696 EA       		.byte	-22
 1712 0697 48       		.byte	72
 1713 0698 EC       		.byte	-20
 1714 0699 10       		.byte	16
 1715 069a 04       		.byte	4
 1716 069b 26       		.byte	38
 1717 069c 05       		.byte	5
 1718 069d 70       		.byte	112
 1719 069e 06       		.byte	6
 1720 069f 51       		.byte	81
 1721 06a0 07       		.byte	7
 1722 06a1 0C       		.byte	12
 1723 06a2 09       		.byte	9
 1724 06a3 14       		.byte	20
 1725 06a4 0A       		.byte	10
 1726 06a5 02       		.byte	2
 1727 06a6 0F       		.byte	15
 1728 06a7 03       		.byte	3
 1729 06a8 10       		.byte	16
 1730 06a9 50       		.byte	80
 1731 06aa 12       		.byte	18
 1732 06ab 23       		.byte	35
 1733 06ac 15       		.byte	21
 1734 06ad 10       		.byte	16
 1735 06ae 16       		.byte	22
 1736 06af 26       		.byte	38
 1737 06b0 19       		.byte	25
 1738 06b1 5C       		.byte	92
 1739 06b2 1B       		.byte	27
 1740 06b3 02       		.byte	2
 1741 06b4 1E       		.byte	30
 1742 06b5 51       		.byte	81
 1743 06b6 1F       		.byte	31
 1744 06b7 20       		.byte	32
 1745 06b8 21       		.byte	33
 1746 06b9 80       		.byte	-128
 1747 06ba 22       		.byte	34
 1748 06bb 40       		.byte	64
 1749 06bc 28       		.byte	40
 1750 06bd 50       		.byte	80
 1751 06be 29       		.byte	41
 1752 06bf 09       		.byte	9
 1753 06c0 2A       		.byte	42
 1754 06c1 25       		.byte	37
 1755 06c2 2B       		.byte	43
 1756 06c3 10       		.byte	16
 1757 06c4 2C       		.byte	44
 1758 06c5 08       		.byte	8
 1759 06c6 2D       		.byte	45
 1760 06c7 6C       		.byte	108
 1761 06c8 2F       		.byte	47
 1762 06c9 11       		.byte	17
 1763 06ca 30       		.byte	48
 1764 06cb 40       		.byte	64
 1765 06cc 31       		.byte	49
 1766 06cd 1F       		.byte	31
 1767 06ce 32       		.byte	50
ARM GAS  C:\Users\ROSS\AppData\Local\Temp\ccaFqsNb.s 			page 32


 1768 06cf 08       		.byte	8
 1769 06d0 33       		.byte	51
 1770 06d1 80       		.byte	-128
 1771 06d2 34       		.byte	52
 1772 06d3 33       		.byte	51
 1773 06d4 36       		.byte	54
 1774 06d5 07       		.byte	7
 1775 06d6 37       		.byte	55
 1776 06d7 60       		.byte	96
 1777 06d8 39       		.byte	57
 1778 06d9 80       		.byte	-128
 1779 06da 3A       		.byte	58
 1780 06db A0       		.byte	-96
 1781 06dc 3E       		.byte	62
 1782 06dd 05       		.byte	5
 1783 06de 3F       		.byte	63
 1784 06df 44       		.byte	68
 1785 06e0 54       		.byte	84
 1786 06e1 01       		.byte	1
 1787 06e2 56       		.byte	86
 1788 06e3 04       		.byte	4
 1789 06e4 58       		.byte	88
 1790 06e5 04       		.byte	4
 1791 06e6 59       		.byte	89
 1792 06e7 04       		.byte	4
 1793 06e8 5B       		.byte	91
 1794 06e9 04       		.byte	4
 1795 06ea 5C       		.byte	92
 1796 06eb 22       		.byte	34
 1797 06ec 5D       		.byte	93
 1798 06ed 20       		.byte	32
 1799 06ee 5F       		.byte	95
 1800 06ef 01       		.byte	1
 1801 06f0 81       		.byte	-127
 1802 06f1 01       		.byte	1
 1803 06f2 8B       		.byte	-117
 1804 06f3 01       		.byte	1
 1805 06f4 8D       		.byte	-115
 1806 06f5 01       		.byte	1
 1807 06f6 95       		.byte	-107
 1808 06f7 01       		.byte	1
 1809 06f8 99       		.byte	-103
 1810 06f9 01       		.byte	1
 1811 06fa A1       		.byte	-95
 1812 06fb 01       		.byte	1
 1813 06fc AB       		.byte	-85
 1814 06fd 01       		.byte	1
 1815 06fe B7       		.byte	-73
 1816 06ff 01       		.byte	1
 1817 0700 D6       		.byte	-42
 1818 0701 08       		.byte	8
 1819 0702 D8       		.byte	-40
 1820 0703 04       		.byte	4
 1821 0704 D9       		.byte	-39
 1822 0705 04       		.byte	4
 1823 0706 DB       		.byte	-37
 1824 0707 04       		.byte	4
ARM GAS  C:\Users\ROSS\AppData\Local\Temp\ccaFqsNb.s 			page 33


 1825 0708 DC       		.byte	-36
 1826 0709 11       		.byte	17
 1827 070a DD       		.byte	-35
 1828 070b 90       		.byte	-112
 1829 070c DF       		.byte	-33
 1830 070d 01       		.byte	1
 1831 070e 00       		.byte	0
 1832 070f 80       		.byte	-128
 1833 0710 02       		.byte	2
 1834 0711 09       		.byte	9
 1835 0712 03       		.byte	3
 1836 0713 20       		.byte	32
 1837 0714 05       		.byte	5
 1838 0715 10       		.byte	16
 1839 0716 06       		.byte	6
 1840 0717 12       		.byte	18
 1841 0718 08       		.byte	8
 1842 0719 05       		.byte	5
 1843 071a 09       		.byte	9
 1844 071b 80       		.byte	-128
 1845 071c 0E       		.byte	14
 1846 071d 01       		.byte	1
 1847 071e 0F       		.byte	15
 1848 071f 10       		.byte	16
 1849 0720 10       		.byte	16
 1850 0721 A0       		.byte	-96
 1851 0722 12       		.byte	18
 1852 0723 54       		.byte	84
 1853 0724 13       		.byte	19
 1854 0725 48       		.byte	72
 1855 0726 14       		.byte	20
 1856 0727 20       		.byte	32
 1857 0728 15       		.byte	21
 1858 0729 40       		.byte	64
 1859 072a 16       		.byte	22
 1860 072b 20       		.byte	32
 1861 072c 19       		.byte	25
 1862 072d 40       		.byte	64
 1863 072e 1A       		.byte	26
 1864 072f 60       		.byte	96
 1865 0730 1B       		.byte	27
 1866 0731 20       		.byte	32
 1867 0732 21       		.byte	33
 1868 0733 40       		.byte	64
 1869 0734 22       		.byte	34
 1870 0735 04       		.byte	4
 1871 0736 23       		.byte	35
 1872 0737 40       		.byte	64
 1873 0738 24       		.byte	36
 1874 0739 02       		.byte	2
 1875 073a 28       		.byte	40
 1876 073b 05       		.byte	5
 1877 073c 29       		.byte	41
 1878 073d 41       		.byte	65
 1879 073e 2A       		.byte	42
 1880 073f 80       		.byte	-128
 1881 0740 2B       		.byte	43
ARM GAS  C:\Users\ROSS\AppData\Local\Temp\ccaFqsNb.s 			page 34


 1882 0741 04       		.byte	4
 1883 0742 2E       		.byte	46
 1884 0743 21       		.byte	33
 1885 0744 2F       		.byte	47
 1886 0745 80       		.byte	-128
 1887 0746 30       		.byte	48
 1888 0747 10       		.byte	16
 1889 0748 31       		.byte	49
 1890 0749 80       		.byte	-128
 1891 074a 32       		.byte	50
 1892 074b 08       		.byte	8
 1893 074c 33       		.byte	51
 1894 074d 20       		.byte	32
 1895 074e 35       		.byte	53
 1896 074f 10       		.byte	16
 1897 0750 37       		.byte	55
 1898 0751 08       		.byte	8
 1899 0752 38       		.byte	56
 1900 0753 08       		.byte	8
 1901 0754 39       		.byte	57
 1902 0755 20       		.byte	32
 1903 0756 3A       		.byte	58
 1904 0757 0C       		.byte	12
 1905 0758 3B       		.byte	59
 1906 0759 40       		.byte	64
 1907 075a 3D       		.byte	61
 1908 075b 40       		.byte	64
 1909 075c 3E       		.byte	62
 1910 075d 02       		.byte	2
 1911 075e 3F       		.byte	63
 1912 075f 10       		.byte	16
 1913 0760 59       		.byte	89
 1914 0761 01       		.byte	1
 1915 0762 5A       		.byte	90
 1916 0763 48       		.byte	72
 1917 0764 5B       		.byte	91
 1918 0765 10       		.byte	16
 1919 0766 5C       		.byte	92
 1920 0767 40       		.byte	64
 1921 0768 5F       		.byte	95
 1922 0769 20       		.byte	32
 1923 076a 62       		.byte	98
 1924 076b 02       		.byte	2
 1925 076c 65       		.byte	101
 1926 076d 20       		.byte	32
 1927 076e 67       		.byte	103
 1928 076f 01       		.byte	1
 1929 0770 6E       		.byte	110
 1930 0771 80       		.byte	-128
 1931 0772 6F       		.byte	111
 1932 0773 02       		.byte	2
 1933 0774 82       		.byte	-126
 1934 0775 10       		.byte	16
 1935 0776 84       		.byte	-124
 1936 0777 01       		.byte	1
 1937 0778 8D       		.byte	-115
 1938 0779 10       		.byte	16
ARM GAS  C:\Users\ROSS\AppData\Local\Temp\ccaFqsNb.s 			page 35


 1939 077a 90       		.byte	-112
 1940 077b 48       		.byte	72
 1941 077c 91       		.byte	-111
 1942 077d 40       		.byte	64
 1943 077e 97       		.byte	-105
 1944 077f 03       		.byte	3
 1945 0780 98       		.byte	-104
 1946 0781 02       		.byte	2
 1947 0782 9A       		.byte	-102
 1948 0783 02       		.byte	2
 1949 0784 9C       		.byte	-100
 1950 0785 3D       		.byte	61
 1951 0786 9D       		.byte	-99
 1952 0787 30       		.byte	48
 1953 0788 9E       		.byte	-98
 1954 0789 40       		.byte	64
 1955 078a A0       		.byte	-96
 1956 078b 41       		.byte	65
 1957 078c A2       		.byte	-94
 1958 078d 01       		.byte	1
 1959 078e A3       		.byte	-93
 1960 078f 05       		.byte	5
 1961 0790 A4       		.byte	-92
 1962 0791 24       		.byte	36
 1963 0792 A5       		.byte	-91
 1964 0793 80       		.byte	-128
 1965 0794 A6       		.byte	-90
 1966 0795 40       		.byte	64
 1967 0796 A7       		.byte	-89
 1968 0797 02       		.byte	2
 1969 0798 AA       		.byte	-86
 1970 0799 02       		.byte	2
 1971 079a AE       		.byte	-82
 1972 079b 04       		.byte	4
 1973 079c B0       		.byte	-80
 1974 079d 20       		.byte	32
 1975 079e B2       		.byte	-78
 1976 079f 20       		.byte	32
 1977 07a0 B4       		.byte	-76
 1978 07a1 40       		.byte	64
 1979 07a2 B5       		.byte	-75
 1980 07a3 40       		.byte	64
 1981 07a4 B7       		.byte	-73
 1982 07a5 D0       		.byte	-48
 1983 07a6 C0       		.byte	-64
 1984 07a7 E6       		.byte	-26
 1985 07a8 C2       		.byte	-62
 1986 07a9 AD       		.byte	-83
 1987 07aa C4       		.byte	-60
 1988 07ab AB       		.byte	-85
 1989 07ac CA       		.byte	-54
 1990 07ad AD       		.byte	-83
 1991 07ae CC       		.byte	-52
 1992 07af 6E       		.byte	110
 1993 07b0 CE       		.byte	-50
 1994 07b1 BE       		.byte	-66
 1995 07b2 D6       		.byte	-42
ARM GAS  C:\Users\ROSS\AppData\Local\Temp\ccaFqsNb.s 			page 36


 1996 07b3 3F       		.byte	63
 1997 07b4 D8       		.byte	-40
 1998 07b5 31       		.byte	49
 1999 07b6 E2       		.byte	-30
 2000 07b7 40       		.byte	64
 2001 07b8 E4       		.byte	-28
 2002 07b9 04       		.byte	4
 2003 07ba E8       		.byte	-24
 2004 07bb 10       		.byte	16
 2005 07bc EA       		.byte	-22
 2006 07bd 20       		.byte	32
 2007 07be EC       		.byte	-20
 2008 07bf 50       		.byte	80
 2009 07c0 EE       		.byte	-18
 2010 07c1 20       		.byte	32
 2011 07c2 84       		.byte	-124
 2012 07c3 0D       		.byte	13
 2013 07c4 86       		.byte	-122
 2014 07c5 30       		.byte	48
 2015 07c6 90       		.byte	-112
 2016 07c7 0D       		.byte	13
 2017 07c8 92       		.byte	-110
 2018 07c9 10       		.byte	16
 2019 07ca 98       		.byte	-104
 2020 07cb 28       		.byte	40
 2021 07cc 9A       		.byte	-102
 2022 07cd 11       		.byte	17
 2023 07ce 9C       		.byte	-100
 2024 07cf 02       		.byte	2
 2025 07d0 9E       		.byte	-98
 2026 07d1 14       		.byte	20
 2027 07d2 9F       		.byte	-97
 2028 07d3 01       		.byte	1
 2029 07d4 A0       		.byte	-96
 2030 07d5 0C       		.byte	12
 2031 07d6 A2       		.byte	-94
 2032 07d7 10       		.byte	16
 2033 07d8 AA       		.byte	-86
 2034 07d9 20       		.byte	32
 2035 07da AB       		.byte	-85
 2036 07db 02       		.byte	2
 2037 07dc B2       		.byte	-78
 2038 07dd 03       		.byte	3
 2039 07de B4       		.byte	-76
 2040 07df 3C       		.byte	60
 2041 07e0 B5       		.byte	-75
 2042 07e1 02       		.byte	2
 2043 07e2 B7       		.byte	-73
 2044 07e3 01       		.byte	1
 2045 07e4 B8       		.byte	-72
 2046 07e5 08       		.byte	8
 2047 07e6 BA       		.byte	-70
 2048 07e7 20       		.byte	32
 2049 07e8 D6       		.byte	-42
 2050 07e9 08       		.byte	8
 2051 07ea D8       		.byte	-40
 2052 07eb 04       		.byte	4
ARM GAS  C:\Users\ROSS\AppData\Local\Temp\ccaFqsNb.s 			page 37


 2053 07ec D9       		.byte	-39
 2054 07ed 04       		.byte	4
 2055 07ee DB       		.byte	-37
 2056 07ef 04       		.byte	4
 2057 07f0 DC       		.byte	-36
 2058 07f1 02       		.byte	2
 2059 07f2 DD       		.byte	-35
 2060 07f3 90       		.byte	-112
 2061 07f4 DF       		.byte	-33
 2062 07f5 01       		.byte	1
 2063 07f6 00       		.byte	0
 2064 07f7 04       		.byte	4
 2065 07f8 05       		.byte	5
 2066 07f9 05       		.byte	5
 2067 07fa 06       		.byte	6
 2068 07fb 08       		.byte	8
 2069 07fc 08       		.byte	8
 2070 07fd 11       		.byte	17
 2071 07fe 09       		.byte	9
 2072 07ff 80       		.byte	-128
 2073 0800 0D       		.byte	13
 2074 0801 60       		.byte	96
 2075 0802 0E       		.byte	14
 2076 0803 20       		.byte	32
 2077 0804 10       		.byte	16
 2078 0805 04       		.byte	4
 2079 0806 12       		.byte	18
 2080 0807 40       		.byte	64
 2081 0808 15       		.byte	21
 2082 0809 04       		.byte	4
 2083 080a 17       		.byte	23
 2084 080b 11       		.byte	17
 2085 080c 18       		.byte	24
 2086 080d 0C       		.byte	12
 2087 080e 1B       		.byte	27
 2088 080f 04       		.byte	4
 2089 0810 1C       		.byte	28
 2090 0811 A0       		.byte	-96
 2091 0812 1D       		.byte	29
 2092 0813 26       		.byte	38
 2093 0814 1E       		.byte	30
 2094 0815 09       		.byte	9
 2095 0816 20       		.byte	32
 2096 0817 02       		.byte	2
 2097 0818 22       		.byte	34
 2098 0819 20       		.byte	32
 2099 081a 24       		.byte	36
 2100 081b 02       		.byte	2
 2101 081c 26       		.byte	38
 2102 081d 19       		.byte	25
 2103 081e 27       		.byte	39
 2104 081f 05       		.byte	5
 2105 0820 28       		.byte	40
 2106 0821 08       		.byte	8
 2107 0822 2F       		.byte	47
 2108 0823 0A       		.byte	10
 2109 0824 32       		.byte	50
ARM GAS  C:\Users\ROSS\AppData\Local\Temp\ccaFqsNb.s 			page 38


 2110 0825 80       		.byte	-128
 2111 0826 35       		.byte	53
 2112 0827 A0       		.byte	-96
 2113 0828 36       		.byte	54
 2114 0829 08       		.byte	8
 2115 082a 3C       		.byte	60
 2116 082b 20       		.byte	32
 2117 082c 3D       		.byte	61
 2118 082d 80       		.byte	-128
 2119 082e 3E       		.byte	62
 2120 082f 04       		.byte	4
 2121 0830 3F       		.byte	63
 2122 0831 21       		.byte	33
 2123 0832 45       		.byte	69
 2124 0833 22       		.byte	34
 2125 0834 47       		.byte	71
 2126 0835 04       		.byte	4
 2127 0836 4C       		.byte	76
 2128 0837 01       		.byte	1
 2129 0838 4F       		.byte	79
 2130 0839 22       		.byte	34
 2131 083a 57       		.byte	87
 2132 083b 20       		.byte	32
 2133 083c 5B       		.byte	91
 2134 083d 40       		.byte	64
 2135 083e 5E       		.byte	94
 2136 083f 01       		.byte	1
 2137 0840 62       		.byte	98
 2138 0841 80       		.byte	-128
 2139 0842 67       		.byte	103
 2140 0843 86       		.byte	-122
 2141 0844 80       		.byte	-128
 2142 0845 08       		.byte	8
 2143 0846 86       		.byte	-122
 2144 0847 01       		.byte	1
 2145 0848 88       		.byte	-120
 2146 0849 24       		.byte	36
 2147 084a 8D       		.byte	-115
 2148 084b C0       		.byte	-64
 2149 084c 8E       		.byte	-114
 2150 084d 10       		.byte	16
 2151 084e 91       		.byte	-111
 2152 084f 04       		.byte	4
 2153 0850 92       		.byte	-110
 2154 0851 02       		.byte	2
 2155 0852 93       		.byte	-109
 2156 0853 04       		.byte	4
 2157 0854 96       		.byte	-106
 2158 0855 20       		.byte	32
 2159 0856 97       		.byte	-105
 2160 0857 81       		.byte	-127
 2161 0858 98       		.byte	-104
 2162 0859 02       		.byte	2
 2163 085a 99       		.byte	-103
 2164 085b 01       		.byte	1
 2165 085c 9A       		.byte	-102
 2166 085d 08       		.byte	8
ARM GAS  C:\Users\ROSS\AppData\Local\Temp\ccaFqsNb.s 			page 39


 2167 085e 9C       		.byte	-100
 2168 085f 20       		.byte	32
 2169 0860 9D       		.byte	-99
 2170 0861 B0       		.byte	-80
 2171 0862 9E       		.byte	-98
 2172 0863 02       		.byte	2
 2173 0864 9F       		.byte	-97
 2174 0865 91       		.byte	-111
 2175 0866 A1       		.byte	-95
 2176 0867 40       		.byte	64
 2177 0868 A3       		.byte	-93
 2178 0869 08       		.byte	8
 2179 086a A4       		.byte	-92
 2180 086b 34       		.byte	52
 2181 086c A6       		.byte	-90
 2182 086d 44       		.byte	68
 2183 086e A7       		.byte	-89
 2184 086f 30       		.byte	48
 2185 0870 AD       		.byte	-83
 2186 0871 08       		.byte	8
 2187 0872 B0       		.byte	-80
 2188 0873 10       		.byte	16
 2189 0874 B2       		.byte	-78
 2190 0875 01       		.byte	1
 2191 0876 B4       		.byte	-76
 2192 0877 80       		.byte	-128
 2193 0878 B5       		.byte	-75
 2194 0879 40       		.byte	64
 2195 087a C0       		.byte	-64
 2196 087b 74       		.byte	116
 2197 087c C2       		.byte	-62
 2198 087d EB       		.byte	-21
 2199 087e C4       		.byte	-60
 2200 087f 7A       		.byte	122
 2201 0880 CA       		.byte	-54
 2202 0881 34       		.byte	52
 2203 0882 CC       		.byte	-52
 2204 0883 78       		.byte	120
 2205 0884 CE       		.byte	-50
 2206 0885 D0       		.byte	-48
 2207 0886 D0       		.byte	-48
 2208 0887 E0       		.byte	-32
 2209 0888 D2       		.byte	-46
 2210 0889 30       		.byte	48
 2211 088a D6       		.byte	-42
 2212 088b 88       		.byte	-120
 2213 088c D8       		.byte	-40
 2214 088d B8       		.byte	-72
 2215 088e E0       		.byte	-32
 2216 088f 40       		.byte	64
 2217 0890 E2       		.byte	-30
 2218 0891 A2       		.byte	-94
 2219 0892 E4       		.byte	-28
 2220 0893 40       		.byte	64
 2221 0894 E8       		.byte	-24
 2222 0895 50       		.byte	80
 2223 0896 EE       		.byte	-18
ARM GAS  C:\Users\ROSS\AppData\Local\Temp\ccaFqsNb.s 			page 40


 2224 0897 04       		.byte	4
 2225 0898 06       		.byte	6
 2226 0899 01       		.byte	1
 2227 089a 0C       		.byte	12
 2228 089b 01       		.byte	1
 2229 089c 14       		.byte	20
 2230 089d 01       		.byte	1
 2231 089e 18       		.byte	24
 2232 089f 01       		.byte	1
 2233 08a0 20       		.byte	32
 2234 08a1 01       		.byte	1
 2235 08a2 24       		.byte	36
 2236 08a3 01       		.byte	1
 2237 08a4 2A       		.byte	42
 2238 08a5 01       		.byte	1
 2239 08a6 36       		.byte	54
 2240 08a7 01       		.byte	1
 2241 08a8 58       		.byte	88
 2242 08a9 04       		.byte	4
 2243 08aa 59       		.byte	89
 2244 08ab 04       		.byte	4
 2245 08ac 5C       		.byte	92
 2246 08ad 11       		.byte	17
 2247 08ae 5F       		.byte	95
 2248 08af 01       		.byte	1
 2249 08b0 80       		.byte	-128
 2250 08b1 10       		.byte	16
 2251 08b2 81       		.byte	-127
 2252 08b3 04       		.byte	4
 2253 08b4 83       		.byte	-125
 2254 08b5 11       		.byte	17
 2255 08b6 84       		.byte	-124
 2256 08b7 30       		.byte	48
 2257 08b8 85       		.byte	-123
 2258 08b9 80       		.byte	-128
 2259 08ba 88       		.byte	-120
 2260 08bb 08       		.byte	8
 2261 08bc 8B       		.byte	-117
 2262 08bd 40       		.byte	64
 2263 08be 8C       		.byte	-116
 2264 08bf 3C       		.byte	60
 2265 08c0 8D       		.byte	-115
 2266 08c1 03       		.byte	3
 2267 08c2 8E       		.byte	-114
 2268 08c3 C1       		.byte	-63
 2269 08c4 8F       		.byte	-113
 2270 08c5 0C       		.byte	12
 2271 08c6 90       		.byte	-112
 2272 08c7 04       		.byte	4
 2273 08c8 91       		.byte	-111
 2274 08c9 80       		.byte	-128
 2275 08ca 92       		.byte	-110
 2276 08cb 08       		.byte	8
 2277 08cc 94       		.byte	-108
 2278 08cd FF       		.byte	-1
 2279 08ce 95       		.byte	-107
 2280 08cf 80       		.byte	-128
ARM GAS  C:\Users\ROSS\AppData\Local\Temp\ccaFqsNb.s 			page 41


 2281 08d0 98       		.byte	-104
 2282 08d1 CF       		.byte	-49
 2283 08d2 99       		.byte	-103
 2284 08d3 08       		.byte	8
 2285 08d4 9A       		.byte	-102
 2286 08d5 30       		.byte	48
 2287 08d6 9B       		.byte	-101
 2288 08d7 22       		.byte	34
 2289 08d8 9C       		.byte	-100
 2290 08d9 04       		.byte	4
 2291 08da 9D       		.byte	-99
 2292 08db 15       		.byte	21
 2293 08dc 9F       		.byte	-97
 2294 08dd 2A       		.byte	42
 2295 08de A1       		.byte	-95
 2296 08df 80       		.byte	-128
 2297 08e0 A2       		.byte	-94
 2298 08e1 83       		.byte	-125
 2299 08e2 A4       		.byte	-92
 2300 08e3 20       		.byte	32
 2301 08e4 A7       		.byte	-89
 2302 08e5 40       		.byte	64
 2303 08e6 A8       		.byte	-88
 2304 08e7 3C       		.byte	60
 2305 08e8 A9       		.byte	-87
 2306 08e9 0F       		.byte	15
 2307 08ea AA       		.byte	-86
 2308 08eb C2       		.byte	-62
 2309 08ec AD       		.byte	-83
 2310 08ed 0F       		.byte	15
 2311 08ee AE       		.byte	-82
 2312 08ef 0C       		.byte	12
 2313 08f0 B0       		.byte	-80
 2314 08f1 B0       		.byte	-80
 2315 08f2 B1       		.byte	-79
 2316 08f3 30       		.byte	48
 2317 08f4 B2       		.byte	-78
 2318 08f5 40       		.byte	64
 2319 08f6 B3       		.byte	-77
 2320 08f7 80       		.byte	-128
 2321 08f8 B4       		.byte	-76
 2322 08f9 3F       		.byte	63
 2323 08fa B5       		.byte	-75
 2324 08fb 40       		.byte	64
 2325 08fc B7       		.byte	-73
 2326 08fd 0F       		.byte	15
 2327 08fe B8       		.byte	-72
 2328 08ff 08       		.byte	8
 2329 0900 BA       		.byte	-70
 2330 0901 22       		.byte	34
 2331 0902 BF       		.byte	-65
 2332 0903 14       		.byte	20
 2333 0904 D6       		.byte	-42
 2334 0905 08       		.byte	8
 2335 0906 D8       		.byte	-40
 2336 0907 04       		.byte	4
 2337 0908 D9       		.byte	-39
ARM GAS  C:\Users\ROSS\AppData\Local\Temp\ccaFqsNb.s 			page 42


 2338 0909 04       		.byte	4
 2339 090a DB       		.byte	-37
 2340 090b 04       		.byte	4
 2341 090c DC       		.byte	-36
 2342 090d 22       		.byte	34
 2343 090e DD       		.byte	-35
 2344 090f 90       		.byte	-112
 2345 0910 DF       		.byte	-33
 2346 0911 01       		.byte	1
 2347 0912 00       		.byte	0
 2348 0913 0C       		.byte	12
 2349 0914 01       		.byte	1
 2350 0915 40       		.byte	64
 2351 0916 04       		.byte	4
 2352 0917 40       		.byte	64
 2353 0918 05       		.byte	5
 2354 0919 20       		.byte	32
 2355 091a 07       		.byte	7
 2356 091b 90       		.byte	-112
 2357 091c 08       		.byte	8
 2358 091d 20       		.byte	32
 2359 091e 0A       		.byte	10
 2360 091f 20       		.byte	32
 2361 0920 0E       		.byte	14
 2362 0921 88       		.byte	-120
 2363 0922 0F       		.byte	15
 2364 0923 21       		.byte	33
 2365 0924 10       		.byte	16
 2366 0925 28       		.byte	40
 2367 0926 11       		.byte	17
 2368 0927 01       		.byte	1
 2369 0928 12       		.byte	18
 2370 0929 10       		.byte	16
 2371 092a 15       		.byte	21
 2372 092b 04       		.byte	4
 2373 092c 16       		.byte	22
 2374 092d 08       		.byte	8
 2375 092e 17       		.byte	23
 2376 092f 41       		.byte	65
 2377 0930 1A       		.byte	26
 2378 0931 02       		.byte	2
 2379 0932 1C       		.byte	28
 2380 0933 40       		.byte	64
 2381 0934 1D       		.byte	29
 2382 0935 01       		.byte	1
 2383 0936 1E       		.byte	30
 2384 0937 14       		.byte	20
 2385 0938 25       		.byte	37
 2386 0939 48       		.byte	72
 2387 093a 27       		.byte	39
 2388 093b 48       		.byte	72
 2389 093c 28       		.byte	40
 2390 093d 20       		.byte	32
 2391 093e 29       		.byte	41
 2392 093f 10       		.byte	16
 2393 0940 2D       		.byte	45
 2394 0941 80       		.byte	-128
ARM GAS  C:\Users\ROSS\AppData\Local\Temp\ccaFqsNb.s 			page 43


 2395 0942 2E       		.byte	46
 2396 0943 01       		.byte	1
 2397 0944 2F       		.byte	47
 2398 0945 28       		.byte	40
 2399 0946 32       		.byte	50
 2400 0947 10       		.byte	16
 2401 0948 35       		.byte	53
 2402 0949 21       		.byte	33
 2403 094a 36       		.byte	54
 2404 094b 44       		.byte	68
 2405 094c 38       		.byte	56
 2406 094d 04       		.byte	4
 2407 094e 39       		.byte	57
 2408 094f 41       		.byte	65
 2409 0950 3A       		.byte	58
 2410 0951 12       		.byte	18
 2411 0952 3D       		.byte	61
 2412 0953 80       		.byte	-128
 2413 0954 3E       		.byte	62
 2414 0955 1C       		.byte	28
 2415 0956 3F       		.byte	63
 2416 0957 01       		.byte	1
 2417 0958 48       		.byte	72
 2418 0959 08       		.byte	8
 2419 095a 49       		.byte	73
 2420 095b 10       		.byte	16
 2421 095c 5C       		.byte	92
 2422 095d 80       		.byte	-128
 2423 095e 5F       		.byte	95
 2424 095f 0C       		.byte	12
 2425 0960 64       		.byte	100
 2426 0961 02       		.byte	2
 2427 0962 87       		.byte	-121
 2428 0963 40       		.byte	64
 2429 0964 89       		.byte	-119
 2430 0965 04       		.byte	4
 2431 0966 8F       		.byte	-113
 2432 0967 08       		.byte	8
 2433 0968 C0       		.byte	-64
 2434 0969 F5       		.byte	-11
 2435 096a C2       		.byte	-62
 2436 096b F6       		.byte	-10
 2437 096c C4       		.byte	-60
 2438 096d FE       		.byte	-2
 2439 096e CA       		.byte	-54
 2440 096f F6       		.byte	-10
 2441 0970 CC       		.byte	-52
 2442 0971 F4       		.byte	-12
 2443 0972 CE       		.byte	-50
 2444 0973 FF       		.byte	-1
 2445 0974 D6       		.byte	-42
 2446 0975 10       		.byte	16
 2447 0976 D8       		.byte	-40
 2448 0977 10       		.byte	16
 2449 0978 E0       		.byte	-32
 2450 0979 30       		.byte	48
 2451 097a 40       		.byte	64
ARM GAS  C:\Users\ROSS\AppData\Local\Temp\ccaFqsNb.s 			page 44


 2452 097b 52       		.byte	82
 2453 097c 41       		.byte	65
 2454 097d 06       		.byte	6
 2455 097e 49       		.byte	73
 2456 097f FF       		.byte	-1
 2457 0980 4A       		.byte	74
 2458 0981 FF       		.byte	-1
 2459 0982 4B       		.byte	75
 2460 0983 FF       		.byte	-1
 2461 0984 4D       		.byte	77
 2462 0985 A0       		.byte	-96
 2463 0986 4F       		.byte	79
 2464 0987 01       		.byte	1
 2465 0988 50       		.byte	80
 2466 0989 18       		.byte	24
 2467 098a 56       		.byte	86
 2468 098b 08       		.byte	8
 2469 098c 58       		.byte	88
 2470 098d 04       		.byte	4
 2471 098e 59       		.byte	89
 2472 098f 04       		.byte	4
 2473 0990 5A       		.byte	90
 2474 0991 04       		.byte	4
 2475 0992 5B       		.byte	91
 2476 0993 04       		.byte	4
 2477 0994 5C       		.byte	92
 2478 0995 11       		.byte	17
 2479 0996 5D       		.byte	93
 2480 0997 90       		.byte	-112
 2481 0998 5F       		.byte	95
 2482 0999 01       		.byte	1
 2483 099a 60       		.byte	96
 2484 099b 40       		.byte	64
 2485 099c 62       		.byte	98
 2486 099d 80       		.byte	-128
 2487 099e 64       		.byte	100
 2488 099f 40       		.byte	64
 2489 09a0 65       		.byte	101
 2490 09a1 40       		.byte	64
 2491 09a2 66       		.byte	102
 2492 09a3 80       		.byte	-128
 2493 09a4 68       		.byte	104
 2494 09a5 40       		.byte	64
 2495 09a6 6A       		.byte	106
 2496 09a7 80       		.byte	-128
 2497 09a8 6C       		.byte	108
 2498 09a9 40       		.byte	64
 2499 09aa 6D       		.byte	109
 2500 09ab 20       		.byte	32
 2501 09ac 6E       		.byte	110
 2502 09ad 80       		.byte	-128
 2503 09ae 81       		.byte	-127
 2504 09af 04       		.byte	4
 2505 09b0 89       		.byte	-119
 2506 09b1 04       		.byte	4
 2507 09b2 90       		.byte	-112
 2508 09b3 08       		.byte	8
ARM GAS  C:\Users\ROSS\AppData\Local\Temp\ccaFqsNb.s 			page 45


 2509 09b4 91       		.byte	-111
 2510 09b5 04       		.byte	4
 2511 09b6 99       		.byte	-103
 2512 09b7 01       		.byte	1
 2513 09b8 9E       		.byte	-98
 2514 09b9 01       		.byte	1
 2515 09ba A0       		.byte	-96
 2516 09bb 02       		.byte	2
 2517 09bc A4       		.byte	-92
 2518 09bd 02       		.byte	2
 2519 09be A6       		.byte	-90
 2520 09bf 0C       		.byte	12
 2521 09c0 AF       		.byte	-81
 2522 09c1 03       		.byte	3
 2523 09c2 B0       		.byte	-80
 2524 09c3 04       		.byte	4
 2525 09c4 B2       		.byte	-78
 2526 09c5 01       		.byte	1
 2527 09c6 B3       		.byte	-77
 2528 09c7 02       		.byte	2
 2529 09c8 B4       		.byte	-76
 2530 09c9 08       		.byte	8
 2531 09ca B5       		.byte	-75
 2532 09cb 04       		.byte	4
 2533 09cc B6       		.byte	-74
 2534 09cd 02       		.byte	2
 2535 09ce B7       		.byte	-73
 2536 09cf 01       		.byte	1
 2537 09d0 B8       		.byte	-72
 2538 09d1 80       		.byte	-128
 2539 09d2 B9       		.byte	-71
 2540 09d3 20       		.byte	32
 2541 09d4 BE       		.byte	-66
 2542 09d5 10       		.byte	16
 2543 09d6 BF       		.byte	-65
 2544 09d7 50       		.byte	80
 2545 09d8 C0       		.byte	-64
 2546 09d9 53       		.byte	83
 2547 09da C1       		.byte	-63
 2548 09db 06       		.byte	6
 2549 09dc C5       		.byte	-59
 2550 09dd 2C       		.byte	44
 2551 09de C6       		.byte	-58
 2552 09df 30       		.byte	48
 2553 09e0 C7       		.byte	-57
 2554 09e1 4E       		.byte	78
 2555 09e2 C8       		.byte	-56
 2556 09e3 3B       		.byte	59
 2557 09e4 C9       		.byte	-55
 2558 09e5 FF       		.byte	-1
 2559 09e6 CA       		.byte	-54
 2560 09e7 FF       		.byte	-1
 2561 09e8 CB       		.byte	-53
 2562 09e9 FF       		.byte	-1
 2563 09ea CD       		.byte	-51
 2564 09eb AF       		.byte	-81
 2565 09ec CE       		.byte	-50
ARM GAS  C:\Users\ROSS\AppData\Local\Temp\ccaFqsNb.s 			page 46


 2566 09ed 07       		.byte	7
 2567 09ee CF       		.byte	-49
 2568 09ef 01       		.byte	1
 2569 09f0 D0       		.byte	-48
 2570 09f1 18       		.byte	24
 2571 09f2 D4       		.byte	-44
 2572 09f3 0F       		.byte	15
 2573 09f4 D8       		.byte	-40
 2574 09f5 04       		.byte	4
 2575 09f6 D9       		.byte	-39
 2576 09f7 04       		.byte	4
 2577 09f8 DA       		.byte	-38
 2578 09f9 04       		.byte	4
 2579 09fa DB       		.byte	-37
 2580 09fb 04       		.byte	4
 2581 09fc DF       		.byte	-33
 2582 09fd 05       		.byte	5
 2583 09fe E0       		.byte	-32
 2584 09ff 40       		.byte	64
 2585 0a00 E2       		.byte	-30
 2586 0a01 80       		.byte	-128
 2587 0a02 E4       		.byte	-28
 2588 0a03 40       		.byte	64
 2589 0a04 E5       		.byte	-27
 2590 0a05 40       		.byte	64
 2591 0a06 E6       		.byte	-26
 2592 0a07 80       		.byte	-128
 2593 0a08 E8       		.byte	-24
 2594 0a09 40       		.byte	64
 2595 0a0a EA       		.byte	-22
 2596 0a0b 80       		.byte	-128
 2597 0a0c EC       		.byte	-20
 2598 0a0d 40       		.byte	64
 2599 0a0e ED       		.byte	-19
 2600 0a0f 20       		.byte	32
 2601 0a10 EE       		.byte	-18
 2602 0a11 80       		.byte	-128
 2603 0a12 00       		.byte	0
 2604 0a13 20       		.byte	32
 2605 0a14 01       		.byte	1
 2606 0a15 40       		.byte	64
 2607 0a16 03       		.byte	3
 2608 0a17 28       		.byte	40
 2609 0a18 08       		.byte	8
 2610 0a19 21       		.byte	33
 2611 0a1a 09       		.byte	9
 2612 0a1b 01       		.byte	1
 2613 0a1c 0B       		.byte	11
 2614 0a1d 02       		.byte	2
 2615 0a1e 0E       		.byte	14
 2616 0a1f 40       		.byte	64
 2617 0a20 0F       		.byte	15
 2618 0a21 02       		.byte	2
 2619 0a22 10       		.byte	16
 2620 0a23 04       		.byte	4
 2621 0a24 11       		.byte	17
 2622 0a25 10       		.byte	16
ARM GAS  C:\Users\ROSS\AppData\Local\Temp\ccaFqsNb.s 			page 47


 2623 0a26 15       		.byte	21
 2624 0a27 01       		.byte	1
 2625 0a28 16       		.byte	22
 2626 0a29 20       		.byte	32
 2627 0a2a 1E       		.byte	30
 2628 0a2b 64       		.byte	100
 2629 0a2c 1F       		.byte	31
 2630 0a2d 80       		.byte	-128
 2631 0a2e 24       		.byte	36
 2632 0a2f 04       		.byte	4
 2633 0a30 26       		.byte	38
 2634 0a31 40       		.byte	64
 2635 0a32 27       		.byte	39
 2636 0a33 28       		.byte	40
 2637 0a34 28       		.byte	40
 2638 0a35 30       		.byte	48
 2639 0a36 2B       		.byte	43
 2640 0a37 08       		.byte	8
 2641 0a38 2F       		.byte	47
 2642 0a39 02       		.byte	2
 2643 0a3a 30       		.byte	48
 2644 0a3b 01       		.byte	1
 2645 0a3c 33       		.byte	51
 2646 0a3d 20       		.byte	32
 2647 0a3e 36       		.byte	54
 2648 0a3f 02       		.byte	2
 2649 0a40 37       		.byte	55
 2650 0a41 21       		.byte	33
 2651 0a42 39       		.byte	57
 2652 0a43 50       		.byte	80
 2653 0a44 3B       		.byte	59
 2654 0a45 02       		.byte	2
 2655 0a46 3E       		.byte	62
 2656 0a47 20       		.byte	32
 2657 0a48 3F       		.byte	63
 2658 0a49 01       		.byte	1
 2659 0a4a 40       		.byte	64
 2660 0a4b 04       		.byte	4
 2661 0a4c 43       		.byte	67
 2662 0a4d C0       		.byte	-64
 2663 0a4e 47       		.byte	71
 2664 0a4f 08       		.byte	8
 2665 0a50 49       		.byte	73
 2666 0a51 60       		.byte	96
 2667 0a52 4B       		.byte	75
 2668 0a53 40       		.byte	64
 2669 0a54 4D       		.byte	77
 2670 0a55 21       		.byte	33
 2671 0a56 4F       		.byte	79
 2672 0a57 45       		.byte	69
 2673 0a58 56       		.byte	86
 2674 0a59 28       		.byte	40
 2675 0a5a 57       		.byte	87
 2676 0a5b 02       		.byte	2
 2677 0a5c 59       		.byte	89
 2678 0a5d 80       		.byte	-128
 2679 0a5e 5E       		.byte	94
ARM GAS  C:\Users\ROSS\AppData\Local\Temp\ccaFqsNb.s 			page 48


 2680 0a5f 86       		.byte	-122
 2681 0a60 5F       		.byte	95
 2682 0a61 10       		.byte	16
 2683 0a62 63       		.byte	99
 2684 0a63 02       		.byte	2
 2685 0a64 66       		.byte	102
 2686 0a65 08       		.byte	8
 2687 0a66 67       		.byte	103
 2688 0a67 04       		.byte	4
 2689 0a68 7E       		.byte	126
 2690 0a69 02       		.byte	2
 2691 0a6a 80       		.byte	-128
 2692 0a6b 20       		.byte	32
 2693 0a6c 81       		.byte	-127
 2694 0a6d 80       		.byte	-128
 2695 0a6e 86       		.byte	-122
 2696 0a6f 10       		.byte	16
 2697 0a70 89       		.byte	-119
 2698 0a71 11       		.byte	17
 2699 0a72 8B       		.byte	-117
 2700 0a73 10       		.byte	16
 2701 0a74 91       		.byte	-111
 2702 0a75 40       		.byte	64
 2703 0a76 93       		.byte	-109
 2704 0a77 02       		.byte	2
 2705 0a78 95       		.byte	-107
 2706 0a79 01       		.byte	1
 2707 0a7a 99       		.byte	-103
 2708 0a7b 60       		.byte	96
 2709 0a7c 9B       		.byte	-101
 2710 0a7d 01       		.byte	1
 2711 0a7e 9C       		.byte	-100
 2712 0a7f 14       		.byte	20
 2713 0a80 9F       		.byte	-97
 2714 0a81 60       		.byte	96
 2715 0a82 A0       		.byte	-96
 2716 0a83 10       		.byte	16
 2717 0a84 A1       		.byte	-95
 2718 0a85 01       		.byte	1
 2719 0a86 A2       		.byte	-94
 2720 0a87 01       		.byte	1
 2721 0a88 A3       		.byte	-93
 2722 0a89 20       		.byte	32
 2723 0a8a A9       		.byte	-87
 2724 0a8b 01       		.byte	1
 2725 0a8c AE       		.byte	-82
 2726 0a8d 04       		.byte	4
 2727 0a8e AF       		.byte	-81
 2728 0a8f 01       		.byte	1
 2729 0a90 C0       		.byte	-64
 2730 0a91 07       		.byte	7
 2731 0a92 C2       		.byte	-62
 2732 0a93 9B       		.byte	-101
 2733 0a94 C4       		.byte	-60
 2734 0a95 32       		.byte	50
 2735 0a96 CA       		.byte	-54
 2736 0a97 16       		.byte	22
ARM GAS  C:\Users\ROSS\AppData\Local\Temp\ccaFqsNb.s 			page 49


 2737 0a98 CC       		.byte	-52
 2738 0a99 A5       		.byte	-91
 2739 0a9a CE       		.byte	-50
 2740 0a9b AD       		.byte	-83
 2741 0a9c D0       		.byte	-48
 2742 0a9d 44       		.byte	68
 2743 0a9e D2       		.byte	-46
 2744 0a9f 3C       		.byte	60
 2745 0aa0 D6       		.byte	-42
 2746 0aa1 F8       		.byte	-8
 2747 0aa2 D8       		.byte	-40
 2748 0aa3 68       		.byte	104
 2749 0aa4 DE       		.byte	-34
 2750 0aa5 10       		.byte	16
 2751 0aa6 E2       		.byte	-30
 2752 0aa7 02       		.byte	2
 2753 0aa8 E4       		.byte	-28
 2754 0aa9 08       		.byte	8
 2755 0aaa E6       		.byte	-26
 2756 0aab 24       		.byte	36
 2757 0aac EE       		.byte	-18
 2758 0aad 01       		.byte	1
 2759 0aae 00       		.byte	0
 2760 0aaf 02       		.byte	2
 2761 0ab0 01       		.byte	1
 2762 0ab1 0D       		.byte	13
 2763 0ab2 03       		.byte	3
 2764 0ab3 10       		.byte	16
 2765 0ab4 04       		.byte	4
 2766 0ab5 04       		.byte	4
 2767 0ab6 07       		.byte	7
 2768 0ab7 1D       		.byte	29
 2769 0ab8 08       		.byte	8
 2770 0ab9 04       		.byte	4
 2771 0aba 0D       		.byte	13
 2772 0abb 20       		.byte	32
 2773 0abc 0F       		.byte	15
 2774 0abd C0       		.byte	-64
 2775 0abe 11       		.byte	17
 2776 0abf 20       		.byte	32
 2777 0ac0 13       		.byte	19
 2778 0ac1 40       		.byte	64
 2779 0ac2 15       		.byte	21
 2780 0ac3 20       		.byte	32
 2781 0ac4 17       		.byte	23
 2782 0ac5 40       		.byte	64
 2783 0ac6 1B       		.byte	27
 2784 0ac7 02       		.byte	2
 2785 0ac8 1D       		.byte	29
 2786 0ac9 11       		.byte	17
 2787 0aca 1F       		.byte	31
 2788 0acb 08       		.byte	8
 2789 0acc 21       		.byte	33
 2790 0acd 11       		.byte	17
 2791 0ace 22       		.byte	34
 2792 0acf 03       		.byte	3
 2793 0ad0 23       		.byte	35
ARM GAS  C:\Users\ROSS\AppData\Local\Temp\ccaFqsNb.s 			page 50


 2794 0ad1 04       		.byte	4
 2795 0ad2 25       		.byte	37
 2796 0ad3 01       		.byte	1
 2797 0ad4 26       		.byte	38
 2798 0ad5 08       		.byte	8
 2799 0ad6 27       		.byte	39
 2800 0ad7 04       		.byte	4
 2801 0ad8 29       		.byte	41
 2802 0ad9 40       		.byte	64
 2803 0ada 2B       		.byte	43
 2804 0adb 20       		.byte	32
 2805 0adc 2D       		.byte	45
 2806 0add 1C       		.byte	28
 2807 0ade 2E       		.byte	46
 2808 0adf 04       		.byte	4
 2809 0ae0 30       		.byte	48
 2810 0ae1 01       		.byte	1
 2811 0ae2 31       		.byte	49
 2812 0ae3 80       		.byte	-128
 2813 0ae4 32       		.byte	50
 2814 0ae5 04       		.byte	4
 2815 0ae6 33       		.byte	51
 2816 0ae7 60       		.byte	96
 2817 0ae8 34       		.byte	52
 2818 0ae9 08       		.byte	8
 2819 0aea 35       		.byte	53
 2820 0aeb 03       		.byte	3
 2821 0aec 36       		.byte	54
 2822 0aed 02       		.byte	2
 2823 0aee 37       		.byte	55
 2824 0aef 1D       		.byte	29
 2825 0af0 3B       		.byte	59
 2826 0af1 08       		.byte	8
 2827 0af2 3E       		.byte	62
 2828 0af3 44       		.byte	68
 2829 0af4 54       		.byte	84
 2830 0af5 0F       		.byte	15
 2831 0af6 58       		.byte	88
 2832 0af7 04       		.byte	4
 2833 0af8 59       		.byte	89
 2834 0af9 04       		.byte	4
 2835 0afa 5B       		.byte	91
 2836 0afb 04       		.byte	4
 2837 0afc 5F       		.byte	95
 2838 0afd 01       		.byte	1
 2839 0afe 85       		.byte	-123
 2840 0aff 96       		.byte	-106
 2841 0b00 87       		.byte	-121
 2842 0b01 68       		.byte	104
 2843 0b02 89       		.byte	-119
 2844 0b03 0E       		.byte	14
 2845 0b04 8B       		.byte	-117
 2846 0b05 F0       		.byte	-16
 2847 0b06 91       		.byte	-111
 2848 0b07 7F       		.byte	127
 2849 0b08 97       		.byte	-105
 2850 0b09 01       		.byte	1
ARM GAS  C:\Users\ROSS\AppData\Local\Temp\ccaFqsNb.s 			page 51


 2851 0b0a 98       		.byte	-104
 2852 0b0b 01       		.byte	1
 2853 0b0c 9D       		.byte	-99
 2854 0b0d C5       		.byte	-59
 2855 0b0e 9F       		.byte	-97
 2856 0b0f 3A       		.byte	58
 2857 0b10 A1       		.byte	-95
 2858 0b11 A3       		.byte	-93
 2859 0b12 A3       		.byte	-93
 2860 0b13 5C       		.byte	92
 2861 0b14 AA       		.byte	-86
 2862 0b15 01       		.byte	1
 2863 0b16 AD       		.byte	-83
 2864 0b17 FE       		.byte	-2
 2865 0b18 AE       		.byte	-82
 2866 0b19 01       		.byte	1
 2867 0b1a AF       		.byte	-81
 2868 0b1b 01       		.byte	1
 2869 0b1c B5       		.byte	-75
 2870 0b1d FF       		.byte	-1
 2871 0b1e B6       		.byte	-74
 2872 0b1f 01       		.byte	1
 2873 0b20 BE       		.byte	-66
 2874 0b21 40       		.byte	64
 2875 0b22 BF       		.byte	-65
 2876 0b23 10       		.byte	16
 2877 0b24 D2       		.byte	-46
 2878 0b25 80       		.byte	-128
 2879 0b26 D8       		.byte	-40
 2880 0b27 04       		.byte	4
 2881 0b28 D9       		.byte	-39
 2882 0b29 04       		.byte	4
 2883 0b2a DB       		.byte	-37
 2884 0b2b 04       		.byte	4
 2885 0b2c DC       		.byte	-36
 2886 0b2d 01       		.byte	1
 2887 0b2e DF       		.byte	-33
 2888 0b2f 01       		.byte	1
 2889 0b30 00       		.byte	0
 2890 0b31 20       		.byte	32
 2891 0b32 01       		.byte	1
 2892 0b33 40       		.byte	64
 2893 0b34 03       		.byte	3
 2894 0b35 20       		.byte	32
 2895 0b36 05       		.byte	5
 2896 0b37 21       		.byte	33
 2897 0b38 07       		.byte	7
 2898 0b39 20       		.byte	32
 2899 0b3a 08       		.byte	8
 2900 0b3b 04       		.byte	4
 2901 0b3c 09       		.byte	9
 2902 0b3d 21       		.byte	33
 2903 0b3e 0B       		.byte	11
 2904 0b3f 02       		.byte	2
 2905 0b40 10       		.byte	16
 2906 0b41 10       		.byte	16
 2907 0b42 11       		.byte	17
ARM GAS  C:\Users\ROSS\AppData\Local\Temp\ccaFqsNb.s 			page 52


 2908 0b43 20       		.byte	32
 2909 0b44 13       		.byte	19
 2910 0b45 40       		.byte	64
 2911 0b46 15       		.byte	21
 2912 0b47 01       		.byte	1
 2913 0b48 17       		.byte	23
 2914 0b49 44       		.byte	68
 2915 0b4a 19       		.byte	25
 2916 0b4b 40       		.byte	64
 2917 0b4c 1D       		.byte	29
 2918 0b4d 21       		.byte	33
 2919 0b4e 1E       		.byte	30
 2920 0b4f 22       		.byte	34
 2921 0b50 22       		.byte	34
 2922 0b51 20       		.byte	32
 2923 0b52 25       		.byte	37
 2924 0b53 14       		.byte	20
 2925 0b54 26       		.byte	38
 2926 0b55 82       		.byte	-126
 2927 0b56 27       		.byte	39
 2928 0b57 04       		.byte	4
 2929 0b58 29       		.byte	41
 2930 0b59 02       		.byte	2
 2931 0b5a 2B       		.byte	43
 2932 0b5b 03       		.byte	3
 2933 0b5c 2C       		.byte	44
 2934 0b5d 01       		.byte	1
 2935 0b5e 2D       		.byte	45
 2936 0b5f 02       		.byte	2
 2937 0b60 2E       		.byte	46
 2938 0b61 20       		.byte	32
 2939 0b62 2F       		.byte	47
 2940 0b63 10       		.byte	16
 2941 0b64 30       		.byte	48
 2942 0b65 01       		.byte	1
 2943 0b66 32       		.byte	50
 2944 0b67 80       		.byte	-128
 2945 0b68 33       		.byte	51
 2946 0b69 05       		.byte	5
 2947 0b6a 34       		.byte	52
 2948 0b6b 08       		.byte	8
 2949 0b6c 36       		.byte	54
 2950 0b6d A2       		.byte	-94
 2951 0b6e 38       		.byte	56
 2952 0b6f 24       		.byte	36
 2953 0b70 3B       		.byte	59
 2954 0b71 20       		.byte	32
 2955 0b72 3C       		.byte	60
 2956 0b73 04       		.byte	4
 2957 0b74 3D       		.byte	61
 2958 0b75 80       		.byte	-128
 2959 0b76 3F       		.byte	63
 2960 0b77 03       		.byte	3
 2961 0b78 45       		.byte	69
 2962 0b79 04       		.byte	4
 2963 0b7a 46       		.byte	70
 2964 0b7b 20       		.byte	32
ARM GAS  C:\Users\ROSS\AppData\Local\Temp\ccaFqsNb.s 			page 53


 2965 0b7c 5C       		.byte	92
 2966 0b7d 40       		.byte	64
 2967 0b7e 5E       		.byte	94
 2968 0b7f 24       		.byte	36
 2969 0b80 5F       		.byte	95
 2970 0b81 01       		.byte	1
 2971 0b82 73       		.byte	115
 2972 0b83 40       		.byte	64
 2973 0b84 83       		.byte	-125
 2974 0b85 01       		.byte	1
 2975 0b86 87       		.byte	-121
 2976 0b87 20       		.byte	32
 2977 0b88 8D       		.byte	-115
 2978 0b89 40       		.byte	64
 2979 0b8a 8F       		.byte	-113
 2980 0b8b 04       		.byte	4
 2981 0b8c 90       		.byte	-112
 2982 0b8d 64       		.byte	100
 2983 0b8e 97       		.byte	-105
 2984 0b8f 02       		.byte	2
 2985 0b90 98       		.byte	-104
 2986 0b91 08       		.byte	8
 2987 0b92 99       		.byte	-103
 2988 0b93 22       		.byte	34
 2989 0b94 9B       		.byte	-101
 2990 0b95 01       		.byte	1
 2991 0b96 9C       		.byte	-100
 2992 0b97 10       		.byte	16
 2993 0b98 9F       		.byte	-97
 2994 0b99 60       		.byte	96
 2995 0b9a A0       		.byte	-96
 2996 0b9b 10       		.byte	16
 2997 0b9c A1       		.byte	-95
 2998 0b9d 40       		.byte	64
 2999 0b9e A3       		.byte	-93
 3000 0b9f 02       		.byte	2
 3001 0ba0 A5       		.byte	-91
 3002 0ba1 04       		.byte	4
 3003 0ba2 A6       		.byte	-90
 3004 0ba3 80       		.byte	-128
 3005 0ba4 A7       		.byte	-89
 3006 0ba5 24       		.byte	36
 3007 0ba6 B2       		.byte	-78
 3008 0ba7 12       		.byte	18
 3009 0ba8 C0       		.byte	-64
 3010 0ba9 77       		.byte	119
 3011 0baa C2       		.byte	-62
 3012 0bab 0F       		.byte	15
 3013 0bac C4       		.byte	-60
 3014 0bad B7       		.byte	-73
 3015 0bae CA       		.byte	-54
 3016 0baf F9       		.byte	-7
 3017 0bb0 CC       		.byte	-52
 3018 0bb1 FB       		.byte	-5
 3019 0bb2 CE       		.byte	-50
 3020 0bb3 D6       		.byte	-42
 3021 0bb4 D6       		.byte	-42
ARM GAS  C:\Users\ROSS\AppData\Local\Temp\ccaFqsNb.s 			page 54


 3022 0bb5 F0       		.byte	-16
 3023 0bb6 E0       		.byte	-32
 3024 0bb7 10       		.byte	16
 3025 0bb8 E6       		.byte	-26
 3026 0bb9 2C       		.byte	44
 3027 0bba EE       		.byte	-18
 3028 0bbb 42       		.byte	66
 3029 0bbc 00       		.byte	0
 3030 0bbd 01       		.byte	1
 3031 0bbe 04       		.byte	4
 3032 0bbf 01       		.byte	1
 3033 0bc0 08       		.byte	8
 3034 0bc1 01       		.byte	1
 3035 0bc2 0B       		.byte	11
 3036 0bc3 01       		.byte	1
 3037 0bc4 0E       		.byte	14
 3038 0bc5 01       		.byte	1
 3039 0bc6 0F       		.byte	15
 3040 0bc7 01       		.byte	1
 3041 0bc8 15       		.byte	21
 3042 0bc9 01       		.byte	1
 3043 0bca 16       		.byte	22
 3044 0bcb 01       		.byte	1
 3045 0bcc 18       		.byte	24
 3046 0bcd 01       		.byte	1
 3047 0bce 1B       		.byte	27
 3048 0bcf 01       		.byte	1
 3049 0bd0 1D       		.byte	29
 3050 0bd1 01       		.byte	1
 3051 0bd2 21       		.byte	33
 3052 0bd3 01       		.byte	1
 3053 0bd4 25       		.byte	37
 3054 0bd5 01       		.byte	1
 3055 0bd6 2C       		.byte	44
 3056 0bd7 01       		.byte	1
 3057 0bd8 31       		.byte	49
 3058 0bd9 01       		.byte	1
 3059 0bda 36       		.byte	54
 3060 0bdb 01       		.byte	1
 3061 0bdc 58       		.byte	88
 3062 0bdd 04       		.byte	4
 3063 0bde 59       		.byte	89
 3064 0bdf 04       		.byte	4
 3065 0be0 5C       		.byte	92
 3066 0be1 11       		.byte	17
 3067 0be2 5F       		.byte	95
 3068 0be3 01       		.byte	1
 3069 0be4 83       		.byte	-125
 3070 0be5 01       		.byte	1
 3071 0be6 85       		.byte	-123
 3072 0be7 08       		.byte	8
 3073 0be8 86       		.byte	-122
 3074 0be9 02       		.byte	2
 3075 0bea 89       		.byte	-119
 3076 0beb 01       		.byte	1
 3077 0bec 8F       		.byte	-113
 3078 0bed 08       		.byte	8
ARM GAS  C:\Users\ROSS\AppData\Local\Temp\ccaFqsNb.s 			page 55


 3079 0bee 91       		.byte	-111
 3080 0bef 80       		.byte	-128
 3081 0bf0 92       		.byte	-110
 3082 0bf1 01       		.byte	1
 3083 0bf2 93       		.byte	-109
 3084 0bf3 40       		.byte	64
 3085 0bf4 95       		.byte	-107
 3086 0bf5 20       		.byte	32
 3087 0bf6 97       		.byte	-105
 3088 0bf7 10       		.byte	16
 3089 0bf8 9A       		.byte	-102
 3090 0bf9 04       		.byte	4
 3091 0bfa 9B       		.byte	-101
 3092 0bfb 02       		.byte	2
 3093 0bfc 9D       		.byte	-99
 3094 0bfd 04       		.byte	4
 3095 0bfe A1       		.byte	-95
 3096 0bff 02       		.byte	2
 3097 0c00 A5       		.byte	-91
 3098 0c01 10       		.byte	16
 3099 0c02 A7       		.byte	-89
 3100 0c03 20       		.byte	32
 3101 0c04 A9       		.byte	-87
 3102 0c05 40       		.byte	64
 3103 0c06 AB       		.byte	-85
 3104 0c07 80       		.byte	-128
 3105 0c08 AF       		.byte	-81
 3106 0c09 04       		.byte	4
 3107 0c0a B1       		.byte	-79
 3108 0c0b FF       		.byte	-1
 3109 0c0c B2       		.byte	-78
 3110 0c0d 04       		.byte	4
 3111 0c0e B4       		.byte	-76
 3112 0c0f 01       		.byte	1
 3113 0c10 B6       		.byte	-74
 3114 0c11 02       		.byte	2
 3115 0c12 BF       		.byte	-65
 3116 0c13 01       		.byte	1
 3117 0c14 C0       		.byte	-64
 3118 0c15 21       		.byte	33
 3119 0c16 C1       		.byte	-63
 3120 0c17 04       		.byte	4
 3121 0c18 C5       		.byte	-59
 3122 0c19 E0       		.byte	-32
 3123 0c1a C6       		.byte	-58
 3124 0c1b BC       		.byte	-68
 3125 0c1c C8       		.byte	-56
 3126 0c1d 0E       		.byte	14
 3127 0c1e C9       		.byte	-55
 3128 0c1f FF       		.byte	-1
 3129 0c20 CA       		.byte	-54
 3130 0c21 FF       		.byte	-1
 3131 0c22 CB       		.byte	-53
 3132 0c23 FF       		.byte	-1
 3133 0c24 CE       		.byte	-50
 3134 0c25 F0       		.byte	-16
 3135 0c26 CF       		.byte	-49
ARM GAS  C:\Users\ROSS\AppData\Local\Temp\ccaFqsNb.s 			page 56


 3136 0c27 44       		.byte	68
 3137 0c28 D0       		.byte	-48
 3138 0c29 0C       		.byte	12
 3139 0c2a D8       		.byte	-40
 3140 0c2b 04       		.byte	4
 3141 0c2c D9       		.byte	-39
 3142 0c2d 04       		.byte	4
 3143 0c2e DA       		.byte	-38
 3144 0c2f 04       		.byte	4
 3145 0c30 DC       		.byte	-36
 3146 0c31 01       		.byte	1
 3147 0c32 DD       		.byte	-35
 3148 0c33 02       		.byte	2
 3149 0c34 DF       		.byte	-33
 3150 0c35 01       		.byte	1
 3151 0c36 E6       		.byte	-26
 3152 0c37 C0       		.byte	-64
 3153 0c38 EA       		.byte	-22
 3154 0c39 40       		.byte	64
 3155 0c3a EB       		.byte	-21
 3156 0c3b 02       		.byte	2
 3157 0c3c 00       		.byte	0
 3158 0c3d 40       		.byte	64
 3159 0c3e 01       		.byte	1
 3160 0c3f 20       		.byte	32
 3161 0c40 02       		.byte	2
 3162 0c41 10       		.byte	16
 3163 0c42 04       		.byte	4
 3164 0c43 42       		.byte	66
 3165 0c44 05       		.byte	5
 3166 0c45 14       		.byte	20
 3167 0c46 08       		.byte	8
 3168 0c47 01       		.byte	1
 3169 0c48 0A       		.byte	10
 3170 0c49 2A       		.byte	42
 3171 0c4a 0C       		.byte	12
 3172 0c4b 20       		.byte	32
 3173 0c4c 0F       		.byte	15
 3174 0c4d 10       		.byte	16
 3175 0c4e 10       		.byte	16
 3176 0c4f 10       		.byte	16
 3177 0c50 12       		.byte	18
 3178 0c51 01       		.byte	1
 3179 0c52 13       		.byte	19
 3180 0c53 10       		.byte	16
 3181 0c54 14       		.byte	20
 3182 0c55 02       		.byte	2
 3183 0c56 16       		.byte	22
 3184 0c57 01       		.byte	1
 3185 0c58 18       		.byte	24
 3186 0c59 02       		.byte	2
 3187 0c5a 19       		.byte	25
 3188 0c5b 34       		.byte	52
 3189 0c5c 1A       		.byte	26
 3190 0c5d 02       		.byte	2
 3191 0c5e 1B       		.byte	27
 3192 0c5f 80       		.byte	-128
ARM GAS  C:\Users\ROSS\AppData\Local\Temp\ccaFqsNb.s 			page 57


 3193 0c60 1F       		.byte	31
 3194 0c61 40       		.byte	64
 3195 0c62 21       		.byte	33
 3196 0c63 02       		.byte	2
 3197 0c64 24       		.byte	36
 3198 0c65 80       		.byte	-128
 3199 0c66 28       		.byte	40
 3200 0c67 32       		.byte	50
 3201 0c68 29       		.byte	41
 3202 0c69 54       		.byte	84
 3203 0c6a 2A       		.byte	42
 3204 0c6b 02       		.byte	2
 3205 0c6c 2C       		.byte	44
 3206 0c6d 20       		.byte	32
 3207 0c6e 2F       		.byte	47
 3208 0c6f 80       		.byte	-128
 3209 0c70 30       		.byte	48
 3210 0c71 21       		.byte	33
 3211 0c72 32       		.byte	50
 3212 0c73 14       		.byte	20
 3213 0c74 33       		.byte	51
 3214 0c75 45       		.byte	69
 3215 0c76 35       		.byte	53
 3216 0c77 54       		.byte	84
 3217 0c78 38       		.byte	56
 3218 0c79 62       		.byte	98
 3219 0c7a 39       		.byte	57
 3220 0c7b 08       		.byte	8
 3221 0c7c 3A       		.byte	58
 3222 0c7d 10       		.byte	16
 3223 0c7e 3C       		.byte	60
 3224 0c7f 40       		.byte	64
 3225 0c80 3F       		.byte	63
 3226 0c81 10       		.byte	16
 3227 0c82 41       		.byte	65
 3228 0c83 80       		.byte	-128
 3229 0c84 42       		.byte	66
 3230 0c85 88       		.byte	-120
 3231 0c86 49       		.byte	73
 3232 0c87 01       		.byte	1
 3233 0c88 51       		.byte	81
 3234 0c89 10       		.byte	16
 3235 0c8a 52       		.byte	82
 3236 0c8b 40       		.byte	64
 3237 0c8c 80       		.byte	-128
 3238 0c8d 01       		.byte	1
 3239 0c8e 85       		.byte	-123
 3240 0c8f 40       		.byte	64
 3241 0c90 8B       		.byte	-117
 3242 0c91 04       		.byte	4
 3243 0c92 8C       		.byte	-116
 3244 0c93 40       		.byte	64
 3245 0c94 90       		.byte	-112
 3246 0c95 20       		.byte	32
 3247 0c96 91       		.byte	-111
 3248 0c97 48       		.byte	72
 3249 0c98 92       		.byte	-110
ARM GAS  C:\Users\ROSS\AppData\Local\Temp\ccaFqsNb.s 			page 58


 3250 0c99 40       		.byte	64
 3251 0c9a 94       		.byte	-108
 3252 0c9b 42       		.byte	66
 3253 0c9c 95       		.byte	-107
 3254 0c9d 20       		.byte	32
 3255 0c9e 97       		.byte	-105
 3256 0c9f 10       		.byte	16
 3257 0ca0 9A       		.byte	-102
 3258 0ca1 8A       		.byte	-118
 3259 0ca2 9B       		.byte	-101
 3260 0ca3 45       		.byte	69
 3261 0ca4 9C       		.byte	-100
 3262 0ca5 28       		.byte	40
 3263 0ca6 9D       		.byte	-99
 3264 0ca7 11       		.byte	17
 3265 0ca8 9E       		.byte	-98
 3266 0ca9 40       		.byte	64
 3267 0caa A1       		.byte	-95
 3268 0cab 80       		.byte	-128
 3269 0cac A2       		.byte	-94
 3270 0cad 02       		.byte	2
 3271 0cae A4       		.byte	-92
 3272 0caf 20       		.byte	32
 3273 0cb0 AB       		.byte	-85
 3274 0cb1 40       		.byte	64
 3275 0cb2 B5       		.byte	-75
 3276 0cb3 20       		.byte	32
 3277 0cb4 B6       		.byte	-74
 3278 0cb5 40       		.byte	64
 3279 0cb6 C0       		.byte	-64
 3280 0cb7 F7       		.byte	-9
 3281 0cb8 C2       		.byte	-62
 3282 0cb9 6F       		.byte	111
 3283 0cba C4       		.byte	-60
 3284 0cbb 87       		.byte	-121
 3285 0cbc CA       		.byte	-54
 3286 0cbd CF       		.byte	-49
 3287 0cbe CC       		.byte	-52
 3288 0cbf 7F       		.byte	127
 3289 0cc0 CE       		.byte	-50
 3290 0cc1 3F       		.byte	63
 3291 0cc2 D0       		.byte	-48
 3292 0cc3 0D       		.byte	13
 3293 0cc4 E0       		.byte	-32
 3294 0cc5 10       		.byte	16
 3295 0cc6 E2       		.byte	-30
 3296 0cc7 40       		.byte	64
 3297 0cc8 E6       		.byte	-26
 3298 0cc9 20       		.byte	32
 3299 0cca E8       		.byte	-24
 3300 0ccb 04       		.byte	4
 3301 0ccc EE       		.byte	-18
 3302 0ccd 42       		.byte	66
 3303 0cce 01       		.byte	1
 3304 0ccf 61       		.byte	97
 3305 0cd0 02       		.byte	2
 3306 0cd1 01       		.byte	1
ARM GAS  C:\Users\ROSS\AppData\Local\Temp\ccaFqsNb.s 			page 59


 3307 0cd2 07       		.byte	7
 3308 0cd3 08       		.byte	8
 3309 0cd4 0B       		.byte	11
 3310 0cd5 01       		.byte	1
 3311 0cd6 0D       		.byte	13
 3312 0cd7 68       		.byte	104
 3313 0cd8 13       		.byte	19
 3314 0cd9 10       		.byte	16
 3315 0cda 17       		.byte	23
 3316 0cdb 60       		.byte	96
 3317 0cdc 19       		.byte	25
 3318 0cdd 40       		.byte	64
 3319 0cde 1B       		.byte	27
 3320 0cdf 20       		.byte	32
 3321 0ce0 1F       		.byte	31
 3322 0ce1 04       		.byte	4
 3323 0ce2 23       		.byte	35
 3324 0ce3 02       		.byte	2
 3325 0ce4 25       		.byte	37
 3326 0ce5 62       		.byte	98
 3327 0ce6 26       		.byte	38
 3328 0ce7 02       		.byte	2
 3329 0ce8 29       		.byte	41
 3330 0ce9 40       		.byte	64
 3331 0cea 2B       		.byte	43
 3332 0ceb 20       		.byte	32
 3333 0cec 2D       		.byte	45
 3334 0ced 64       		.byte	100
 3335 0cee 2E       		.byte	46
 3336 0cef 04       		.byte	4
 3337 0cf0 30       		.byte	48
 3338 0cf1 02       		.byte	2
 3339 0cf2 31       		.byte	49
 3340 0cf3 20       		.byte	32
 3341 0cf4 32       		.byte	50
 3342 0cf5 04       		.byte	4
 3343 0cf6 33       		.byte	51
 3344 0cf7 1F       		.byte	31
 3345 0cf8 35       		.byte	53
 3346 0cf9 40       		.byte	64
 3347 0cfa 36       		.byte	54
 3348 0cfb 01       		.byte	1
 3349 0cfc 39       		.byte	57
 3350 0cfd 08       		.byte	8
 3351 0cfe 3F       		.byte	63
 3352 0cff 04       		.byte	4
 3353 0d00 58       		.byte	88
 3354 0d01 04       		.byte	4
 3355 0d02 59       		.byte	89
 3356 0d03 04       		.byte	4
 3357 0d04 5C       		.byte	92
 3358 0d05 11       		.byte	17
 3359 0d06 5F       		.byte	95
 3360 0d07 01       		.byte	1
 3361 0d08 80       		.byte	-128
 3362 0d09 01       		.byte	1
 3363 0d0a 88       		.byte	-120
ARM GAS  C:\Users\ROSS\AppData\Local\Temp\ccaFqsNb.s 			page 60


 3364 0d0b 01       		.byte	1
 3365 0d0c 8E       		.byte	-114
 3366 0d0d 01       		.byte	1
 3367 0d0e 91       		.byte	-111
 3368 0d0f 01       		.byte	1
 3369 0d10 96       		.byte	-106
 3370 0d11 01       		.byte	1
 3371 0d12 A6       		.byte	-90
 3372 0d13 01       		.byte	1
 3373 0d14 A8       		.byte	-88
 3374 0d15 01       		.byte	1
 3375 0d16 AC       		.byte	-84
 3376 0d17 01       		.byte	1
 3377 0d18 B0       		.byte	-80
 3378 0d19 01       		.byte	1
 3379 0d1a B3       		.byte	-77
 3380 0d1b 01       		.byte	1
 3381 0d1c BF       		.byte	-65
 3382 0d1d 04       		.byte	4
 3383 0d1e D4       		.byte	-44
 3384 0d1f 01       		.byte	1
 3385 0d20 D8       		.byte	-40
 3386 0d21 04       		.byte	4
 3387 0d22 D9       		.byte	-39
 3388 0d23 04       		.byte	4
 3389 0d24 DB       		.byte	-37
 3390 0d25 0C       		.byte	12
 3391 0d26 DC       		.byte	-36
 3392 0d27 11       		.byte	17
 3393 0d28 DD       		.byte	-35
 3394 0d29 10       		.byte	16
 3395 0d2a DF       		.byte	-33
 3396 0d2b 01       		.byte	1
 3397 0d2c 00       		.byte	0
 3398 0d2d 40       		.byte	64
 3399 0d2e 02       		.byte	2
 3400 0d2f 10       		.byte	16
 3401 0d30 03       		.byte	3
 3402 0d31 40       		.byte	64
 3403 0d32 04       		.byte	4
 3404 0d33 42       		.byte	66
 3405 0d34 05       		.byte	5
 3406 0d35 10       		.byte	16
 3407 0d36 08       		.byte	8
 3408 0d37 31       		.byte	49
 3409 0d38 0B       		.byte	11
 3410 0d39 11       		.byte	17
 3411 0d3a 0F       		.byte	15
 3412 0d3b 10       		.byte	16
 3413 0d3c 11       		.byte	17
 3414 0d3d 04       		.byte	4
 3415 0d3e 12       		.byte	18
 3416 0d3f 05       		.byte	5
 3417 0d40 14       		.byte	20
 3418 0d41 21       		.byte	33
 3419 0d42 16       		.byte	22
 3420 0d43 04       		.byte	4
ARM GAS  C:\Users\ROSS\AppData\Local\Temp\ccaFqsNb.s 			page 61


 3421 0d44 18       		.byte	24
 3422 0d45 40       		.byte	64
 3423 0d46 19       		.byte	25
 3424 0d47 48       		.byte	72
 3425 0d48 1A       		.byte	26
 3426 0d49 30       		.byte	48
 3427 0d4a 1D       		.byte	29
 3428 0d4b 01       		.byte	1
 3429 0d4c 22       		.byte	34
 3430 0d4d 08       		.byte	8
 3431 0d4e 23       		.byte	35
 3432 0d4f 74       		.byte	116
 3433 0d50 25       		.byte	37
 3434 0d51 08       		.byte	8
 3435 0d52 28       		.byte	40
 3436 0d53 01       		.byte	1
 3437 0d54 29       		.byte	41
 3438 0d55 58       		.byte	88
 3439 0d56 2A       		.byte	42
 3440 0d57 17       		.byte	23
 3441 0d58 2C       		.byte	44
 3442 0d59 10       		.byte	16
 3443 0d5a 2D       		.byte	45
 3444 0d5b 01       		.byte	1
 3445 0d5c 2E       		.byte	46
 3446 0d5d 10       		.byte	16
 3447 0d5e 30       		.byte	48
 3448 0d5f 10       		.byte	16
 3449 0d60 31       		.byte	49
 3450 0d61 02       		.byte	2
 3451 0d62 32       		.byte	50
 3452 0d63 08       		.byte	8
 3453 0d64 33       		.byte	51
 3454 0d65 40       		.byte	64
 3455 0d66 35       		.byte	53
 3456 0d67 40       		.byte	64
 3457 0d68 36       		.byte	54
 3458 0d69 06       		.byte	6
 3459 0d6a 37       		.byte	55
 3460 0d6b 20       		.byte	32
 3461 0d6c 38       		.byte	56
 3462 0d6d 62       		.byte	98
 3463 0d6e 39       		.byte	57
 3464 0d6f 0D       		.byte	13
 3465 0d70 3B       		.byte	59
 3466 0d71 01       		.byte	1
 3467 0d72 3C       		.byte	60
 3468 0d73 40       		.byte	64
 3469 0d74 5E       		.byte	94
 3470 0d75 40       		.byte	64
 3471 0d76 6F       		.byte	111
 3472 0d77 09       		.byte	9
 3473 0d78 7D       		.byte	125
 3474 0d79 40       		.byte	64
 3475 0d7a 81       		.byte	-127
 3476 0d7b 11       		.byte	17
 3477 0d7c 82       		.byte	-126
ARM GAS  C:\Users\ROSS\AppData\Local\Temp\ccaFqsNb.s 			page 62


 3478 0d7d 04       		.byte	4
 3479 0d7e 84       		.byte	-124
 3480 0d7f 08       		.byte	8
 3481 0d80 85       		.byte	-123
 3482 0d81 08       		.byte	8
 3483 0d82 87       		.byte	-121
 3484 0d83 08       		.byte	8
 3485 0d84 89       		.byte	-119
 3486 0d85 08       		.byte	8
 3487 0d86 8B       		.byte	-117
 3488 0d87 01       		.byte	1
 3489 0d88 90       		.byte	-112
 3490 0d89 22       		.byte	34
 3491 0d8a 91       		.byte	-111
 3492 0d8b 48       		.byte	72
 3493 0d8c 92       		.byte	-110
 3494 0d8d 40       		.byte	64
 3495 0d8e 94       		.byte	-108
 3496 0d8f 40       		.byte	64
 3497 0d90 96       		.byte	-106
 3498 0d91 20       		.byte	32
 3499 0d92 97       		.byte	-105
 3500 0d93 54       		.byte	84
 3501 0d94 98       		.byte	-104
 3502 0d95 20       		.byte	32
 3503 0d96 99       		.byte	-103
 3504 0d97 10       		.byte	16
 3505 0d98 9A       		.byte	-102
 3506 0d99 02       		.byte	2
 3507 0d9a 9B       		.byte	-101
 3508 0d9b 40       		.byte	64
 3509 0d9c 9C       		.byte	-100
 3510 0d9d 08       		.byte	8
 3511 0d9e 9D       		.byte	-99
 3512 0d9f 40       		.byte	64
 3513 0da0 A1       		.byte	-95
 3514 0da1 02       		.byte	2
 3515 0da2 A2       		.byte	-94
 3516 0da3 02       		.byte	2
 3517 0da4 A9       		.byte	-87
 3518 0da5 04       		.byte	4
 3519 0da6 AF       		.byte	-81
 3520 0da7 40       		.byte	64
 3521 0da8 B3       		.byte	-77
 3522 0da9 40       		.byte	64
 3523 0daa B4       		.byte	-76
 3524 0dab 40       		.byte	64
 3525 0dac C0       		.byte	-64
 3526 0dad DD       		.byte	-35
 3527 0dae C2       		.byte	-62
 3528 0daf 2F       		.byte	47
 3529 0db0 C4       		.byte	-60
 3530 0db1 E7       		.byte	-25
 3531 0db2 CA       		.byte	-54
 3532 0db3 EF       		.byte	-17
 3533 0db4 CC       		.byte	-52
 3534 0db5 FF       		.byte	-1
ARM GAS  C:\Users\ROSS\AppData\Local\Temp\ccaFqsNb.s 			page 63


 3535 0db6 CE       		.byte	-50
 3536 0db7 1F       		.byte	31
 3537 0db8 D6       		.byte	-42
 3538 0db9 10       		.byte	16
 3539 0dba DE       		.byte	-34
 3540 0dbb 10       		.byte	16
 3541 0dbc E0       		.byte	-32
 3542 0dbd 04       		.byte	4
 3543 0dbe E2       		.byte	-30
 3544 0dbf 80       		.byte	-128
 3545 0dc0 E4       		.byte	-28
 3546 0dc1 02       		.byte	2
 3547 0dc2 E6       		.byte	-26
 3548 0dc3 20       		.byte	32
 3549 0dc4 EC       		.byte	-20
 3550 0dc5 02       		.byte	2
 3551 0dc6 13       		.byte	19
 3552 0dc7 02       		.byte	2
 3553 0dc8 16       		.byte	22
 3554 0dc9 80       		.byte	-128
 3555 0dca 30       		.byte	48
 3556 0dcb 80       		.byte	-128
 3557 0dcc 32       		.byte	50
 3558 0dcd 02       		.byte	2
 3559 0dce 34       		.byte	52
 3560 0dcf 04       		.byte	4
 3561 0dd0 36       		.byte	54
 3562 0dd1 40       		.byte	64
 3563 0dd2 3A       		.byte	58
 3564 0dd3 20       		.byte	32
 3565 0dd4 3B       		.byte	59
 3566 0dd5 02       		.byte	2
 3567 0dd6 3E       		.byte	62
 3568 0dd7 80       		.byte	-128
 3569 0dd8 86       		.byte	-122
 3570 0dd9 20       		.byte	32
 3571 0dda C4       		.byte	-60
 3572 0ddb 30       		.byte	48
 3573 0ddc CC       		.byte	-52
 3574 0ddd F0       		.byte	-16
 3575 0dde CE       		.byte	-50
 3576 0ddf 70       		.byte	112
 3577 0de0 E2       		.byte	-30
 3578 0de1 10       		.byte	16
 3579 0de2 00       		.byte	0
 3580 0de3 08       		.byte	8
 3581 0de4 07       		.byte	7
 3582 0de5 40       		.byte	64
 3583 0de6 30       		.byte	48
 3584 0de7 20       		.byte	32
 3585 0de8 33       		.byte	51
 3586 0de9 02       		.byte	2
 3587 0dea 37       		.byte	55
 3588 0deb 80       		.byte	-128
 3589 0dec 5C       		.byte	92
 3590 0ded 02       		.byte	2
 3591 0dee 63       		.byte	99
ARM GAS  C:\Users\ROSS\AppData\Local\Temp\ccaFqsNb.s 			page 64


 3592 0def 08       		.byte	8
 3593 0df0 66       		.byte	102
 3594 0df1 10       		.byte	16
 3595 0df2 84       		.byte	-124
 3596 0df3 82       		.byte	-126
 3597 0df4 86       		.byte	-122
 3598 0df5 02       		.byte	2
 3599 0df6 87       		.byte	-121
 3600 0df7 02       		.byte	2
 3601 0df8 9C       		.byte	-100
 3602 0df9 04       		.byte	4
 3603 0dfa A4       		.byte	-92
 3604 0dfb 80       		.byte	-128
 3605 0dfc A6       		.byte	-90
 3606 0dfd 42       		.byte	66
 3607 0dfe AB       		.byte	-85
 3608 0dff 01       		.byte	1
 3609 0e00 B7       		.byte	-73
 3610 0e01 02       		.byte	2
 3611 0e02 C0       		.byte	-64
 3612 0e03 30       		.byte	48
 3613 0e04 CC       		.byte	-52
 3614 0e05 70       		.byte	112
 3615 0e06 D6       		.byte	-42
 3616 0e07 80       		.byte	-128
 3617 0e08 D8       		.byte	-40
 3618 0e09 C0       		.byte	-64
 3619 0e0a E2       		.byte	-30
 3620 0e0b 40       		.byte	64
 3621 0e0c E6       		.byte	-26
 3622 0e0d 40       		.byte	64
 3623 0e0e EE       		.byte	-18
 3624 0e0f 20       		.byte	32
 3625 0e10 13       		.byte	19
 3626 0e11 80       		.byte	-128
 3627 0e12 51       		.byte	81
 3628 0e13 08       		.byte	8
 3629 0e14 59       		.byte	89
 3630 0e15 04       		.byte	4
 3631 0e16 5C       		.byte	92
 3632 0e17 02       		.byte	2
 3633 0e18 62       		.byte	98
 3634 0e19 20       		.byte	32
 3635 0e1a 8F       		.byte	-113
 3636 0e1b 40       		.byte	64
 3637 0e1c 9C       		.byte	-100
 3638 0e1d 04       		.byte	4
 3639 0e1e 9E       		.byte	-98
 3640 0e1f 10       		.byte	16
 3641 0e20 9F       		.byte	-97
 3642 0e21 80       		.byte	-128
 3643 0e22 A4       		.byte	-92
 3644 0e23 A0       		.byte	-96
 3645 0e24 A6       		.byte	-90
 3646 0e25 40       		.byte	64
 3647 0e26 A7       		.byte	-89
 3648 0e27 04       		.byte	4
ARM GAS  C:\Users\ROSS\AppData\Local\Temp\ccaFqsNb.s 			page 65


 3649 0e28 AC       		.byte	-84
 3650 0e29 04       		.byte	4
 3651 0e2a B7       		.byte	-73
 3652 0e2b 40       		.byte	64
 3653 0e2c C4       		.byte	-60
 3654 0e2d 40       		.byte	64
 3655 0e2e D4       		.byte	-44
 3656 0e2f 20       		.byte	32
 3657 0e30 D6       		.byte	-42
 3658 0e31 C0       		.byte	-64
 3659 0e32 D8       		.byte	-40
 3660 0e33 40       		.byte	64
 3661 0e34 EC       		.byte	-20
 3662 0e35 40       		.byte	64
 3663 0e36 19       		.byte	25
 3664 0e37 02       		.byte	2
 3665 0e38 1D       		.byte	29
 3666 0e39 08       		.byte	8
 3667 0e3a 81       		.byte	-127
 3668 0e3b 08       		.byte	8
 3669 0e3c 82       		.byte	-126
 3670 0e3d 01       		.byte	1
 3671 0e3e 85       		.byte	-123
 3672 0e3f 02       		.byte	2
 3673 0e40 9E       		.byte	-98
 3674 0e41 10       		.byte	16
 3675 0e42 9F       		.byte	-97
 3676 0e43 40       		.byte	64
 3677 0e44 A4       		.byte	-92
 3678 0e45 80       		.byte	-128
 3679 0e46 A5       		.byte	-91
 3680 0e47 08       		.byte	8
 3681 0e48 A6       		.byte	-90
 3682 0e49 40       		.byte	64
 3683 0e4a A8       		.byte	-88
 3684 0e4b 02       		.byte	2
 3685 0e4c A9       		.byte	-87
 3686 0e4d 04       		.byte	4
 3687 0e4e AA       		.byte	-86
 3688 0e4f 20       		.byte	32
 3689 0e50 AC       		.byte	-84
 3690 0e51 24       		.byte	36
 3691 0e52 B7       		.byte	-73
 3692 0e53 04       		.byte	4
 3693 0e54 C6       		.byte	-58
 3694 0e55 30       		.byte	48
 3695 0e56 E0       		.byte	-32
 3696 0e57 80       		.byte	-128
 3697 0e58 E4       		.byte	-28
 3698 0e59 10       		.byte	16
 3699 0e5a E6       		.byte	-26
 3700 0e5b 80       		.byte	-128
 3701 0e5c EA       		.byte	-22
 3702 0e5d 50       		.byte	80
 3703 0e5e EE       		.byte	-18
 3704 0e5f 80       		.byte	-128
 3705 0e60 01       		.byte	1
ARM GAS  C:\Users\ROSS\AppData\Local\Temp\ccaFqsNb.s 			page 66


 3706 0e61 40       		.byte	64
 3707 0e62 08       		.byte	8
 3708 0e63 01       		.byte	1
 3709 0e64 20       		.byte	32
 3710 0e65 10       		.byte	16
 3711 0e66 53       		.byte	83
 3712 0e67 01       		.byte	1
 3713 0e68 84       		.byte	-124
 3714 0e69 08       		.byte	8
 3715 0e6a A7       		.byte	-89
 3716 0e6b 80       		.byte	-128
 3717 0e6c AB       		.byte	-85
 3718 0e6d 80       		.byte	-128
 3719 0e6e C0       		.byte	-64
 3720 0e6f 02       		.byte	2
 3721 0e70 C2       		.byte	-62
 3722 0e71 08       		.byte	8
 3723 0e72 C8       		.byte	-56
 3724 0e73 02       		.byte	2
 3725 0e74 D4       		.byte	-44
 3726 0e75 01       		.byte	1
 3727 0e76 83       		.byte	-125
 3728 0e77 01       		.byte	1
 3729 0e78 90       		.byte	-112
 3730 0e79 10       		.byte	16
 3731 0e7a 97       		.byte	-105
 3732 0e7b 02       		.byte	2
 3733 0e7c 98       		.byte	-104
 3734 0e7d 01       		.byte	1
 3735 0e7e A4       		.byte	-92
 3736 0e7f 08       		.byte	8
 3737 0e80 A7       		.byte	-89
 3738 0e81 80       		.byte	-128
 3739 0e82 B5       		.byte	-75
 3740 0e83 40       		.byte	64
 3741 0e84 EA       		.byte	-22
 3742 0e85 02       		.byte	2
 3743 0e86 0A       		.byte	10
 3744 0e87 01       		.byte	1
 3745 0e88 0B       		.byte	11
 3746 0e89 40       		.byte	64
 3747 0e8a 0C       		.byte	12
 3748 0e8b 08       		.byte	8
 3749 0e8c 8C       		.byte	-116
 3750 0e8d 10       		.byte	16
 3751 0e8e 90       		.byte	-112
 3752 0e8f 10       		.byte	16
 3753 0e90 96       		.byte	-106
 3754 0e91 01       		.byte	1
 3755 0e92 A4       		.byte	-92
 3756 0e93 08       		.byte	8
 3757 0e94 A7       		.byte	-89
 3758 0e95 80       		.byte	-128
 3759 0e96 AE       		.byte	-82
 3760 0e97 01       		.byte	1
 3761 0e98 B0       		.byte	-80
 3762 0e99 01       		.byte	1
ARM GAS  C:\Users\ROSS\AppData\Local\Temp\ccaFqsNb.s 			page 67


 3763 0e9a C2       		.byte	-62
 3764 0e9b 0E       		.byte	14
 3765 0e9c E2       		.byte	-30
 3766 0e9d 08       		.byte	8
 3767 0e9e EE       		.byte	-18
 3768 0e9f 04       		.byte	4
 3769 0ea0 02       		.byte	2
 3770 0ea1 08       		.byte	8
 3771 0ea2 07       		.byte	7
 3772 0ea3 40       		.byte	64
 3773 0ea4 20       		.byte	32
 3774 0ea5 10       		.byte	16
 3775 0ea6 8A       		.byte	-118
 3776 0ea7 10       		.byte	16
 3777 0ea8 8C       		.byte	-116
 3778 0ea9 10       		.byte	16
 3779 0eaa 99       		.byte	-103
 3780 0eab 02       		.byte	2
 3781 0eac 9E       		.byte	-98
 3782 0ead 10       		.byte	16
 3783 0eae 9F       		.byte	-97
 3784 0eaf 40       		.byte	64
 3785 0eb0 A2       		.byte	-94
 3786 0eb1 01       		.byte	1
 3787 0eb2 AE       		.byte	-82
 3788 0eb3 40       		.byte	64
 3789 0eb4 B4       		.byte	-76
 3790 0eb5 80       		.byte	-128
 3791 0eb6 C0       		.byte	-64
 3792 0eb7 60       		.byte	96
 3793 0eb8 C8       		.byte	-56
 3794 0eb9 40       		.byte	64
 3795 0eba EE       		.byte	-18
 3796 0ebb 40       		.byte	64
 3797 0ebc 5E       		.byte	94
 3798 0ebd 02       		.byte	2
 3799 0ebe 5F       		.byte	95
 3800 0ebf 20       		.byte	32
 3801 0ec0 65       		.byte	101
 3802 0ec1 02       		.byte	2
 3803 0ec2 77       		.byte	119
 3804 0ec3 80       		.byte	-128
 3805 0ec4 82       		.byte	-126
 3806 0ec5 08       		.byte	8
 3807 0ec6 87       		.byte	-121
 3808 0ec7 80       		.byte	-128
 3809 0ec8 8B       		.byte	-117
 3810 0ec9 20       		.byte	32
 3811 0eca 99       		.byte	-103
 3812 0ecb 02       		.byte	2
 3813 0ecc A2       		.byte	-94
 3814 0ecd 09       		.byte	9
 3815 0ece D6       		.byte	-42
 3816 0ecf A0       		.byte	-96
 3817 0ed0 D8       		.byte	-40
 3818 0ed1 80       		.byte	-128
 3819 0ed2 DE       		.byte	-34
ARM GAS  C:\Users\ROSS\AppData\Local\Temp\ccaFqsNb.s 			page 68


 3820 0ed3 20       		.byte	32
 3821 0ed4 E0       		.byte	-32
 3822 0ed5 20       		.byte	32
 3823 0ed6 E2       		.byte	-30
 3824 0ed7 40       		.byte	64
 3825 0ed8 1F       		.byte	31
 3826 0ed9 80       		.byte	-128
 3827 0eda 37       		.byte	55
 3828 0edb 02       		.byte	2
 3829 0edc 53       		.byte	83
 3830 0edd 10       		.byte	16
 3831 0ede 5B       		.byte	91
 3832 0edf 04       		.byte	4
 3833 0ee0 5F       		.byte	95
 3834 0ee1 08       		.byte	8
 3835 0ee2 61       		.byte	97
 3836 0ee3 01       		.byte	1
 3837 0ee4 67       		.byte	103
 3838 0ee5 10       		.byte	16
 3839 0ee6 8F       		.byte	-113
 3840 0ee7 02       		.byte	2
 3841 0ee8 99       		.byte	-103
 3842 0ee9 01       		.byte	1
 3843 0eea A7       		.byte	-89
 3844 0eeb 80       		.byte	-128
 3845 0eec A9       		.byte	-87
 3846 0eed 01       		.byte	1
 3847 0eee AF       		.byte	-81
 3848 0eef 40       		.byte	64
 3849 0ef0 C6       		.byte	-58
 3850 0ef1 01       		.byte	1
 3851 0ef2 CC       		.byte	-52
 3852 0ef3 01       		.byte	1
 3853 0ef4 D4       		.byte	-44
 3854 0ef5 04       		.byte	4
 3855 0ef6 D6       		.byte	-42
 3856 0ef7 03       		.byte	3
 3857 0ef8 D8       		.byte	-40
 3858 0ef9 03       		.byte	3
 3859 0efa E0       		.byte	-32
 3860 0efb 08       		.byte	8
 3861 0efc 74       		.byte	116
 3862 0efd 04       		.byte	4
 3863 0efe 83       		.byte	-125
 3864 0eff 08       		.byte	8
 3865 0f00 84       		.byte	-124
 3866 0f01 04       		.byte	4
 3867 0f02 9F       		.byte	-97
 3868 0f03 08       		.byte	8
 3869 0f04 AF       		.byte	-81
 3870 0f05 10       		.byte	16
 3871 0f06 B3       		.byte	-77
 3872 0f07 10       		.byte	16
 3873 0f08 B7       		.byte	-73
 3874 0f09 04       		.byte	4
 3875 0f0a DE       		.byte	-34
 3876 0f0b 04       		.byte	4
ARM GAS  C:\Users\ROSS\AppData\Local\Temp\ccaFqsNb.s 			page 69


 3877 0f0c EC       		.byte	-20
 3878 0f0d 09       		.byte	9
 3879 0f0e 10       		.byte	16
 3880 0f0f 07       		.byte	7
 3881 0f10 11       		.byte	17
 3882 0f11 01       		.byte	1
 3883 0f12 1A       		.byte	26
 3884 0f13 03       		.byte	3
 3885 0f14 1B       		.byte	27
 3886 0f15 01       		.byte	1
 3887 0f16 1C       		.byte	28
 3888 0f17 06       		.byte	6
 3889 0f18 00       		.byte	0
 3890 0f19 AB       		.byte	-85
 3891 0f1a 01       		.byte	1
 3892 0f1b FF       		.byte	-1
 3893 0f1c 10       		.byte	16
 3894 0f1d 0A       		.byte	10
 3895 0f1e 00       		.byte	0
 3896 0f1f 00       		.byte	0
 3897 0f20 07       		.byte	7
 3898 0f21 00       		.byte	0
 3899 0f22 18       		.byte	24
 3900 0f23 21       		.byte	33
 3901 0f24 1F       		.byte	31
 3902 0f25 80       		.byte	-128
 3903 0f26 00       		.byte	0
 3904 0f27 00       		.byte	0
 3905 0f28 16       		.byte	22
 3906 0f29 00       		.byte	0
 3907 0f2a 09       		.byte	9
 3908 0f2b 00       		.byte	0
 3909 0f2c 00       		.byte	0
 3910 0f2d 00       		.byte	0
 3911 0f2e 00       		.byte	0
 3912 0f2f 63       		.byte	99
 3913 0f30 00       		.byte	0
 3914 0f31 00       		.byte	0
 3915 0f32 00       		.byte	0
 3916 0f33 00       		.byte	0
 3917 0f34 09       		.byte	9
 3918 0f35 00       		.byte	0
 3919 0f36 00       		.byte	0
 3920 0f37 1C       		.byte	28
 3921 0f38 19       		.byte	25
 3922 0f39 00       		.byte	0
 3923 0f3a 06       		.byte	6
 3924 0f3b 42       		.byte	66
 3925 0f3c 02       		.byte	2
 3926 0f3d 83       		.byte	-125
 3927 0f3e 00       		.byte	0
 3928 0f3f 04       		.byte	4
 3929 0f40 00       		.byte	0
 3930 0f41 00       		.byte	0
 3931 0f42 19       		.byte	25
 3932 0f43 00       		.byte	0
 3933 0f44 04       		.byte	4
ARM GAS  C:\Users\ROSS\AppData\Local\Temp\ccaFqsNb.s 			page 70


 3934 0f45 00       		.byte	0
 3935 0f46 00       		.byte	0
 3936 0f47 00       		.byte	0
 3937 0f48 06       		.byte	6
 3938 0f49 83       		.byte	-125
 3939 0f4a 00       		.byte	0
 3940 0f4b 08       		.byte	8
 3941 0f4c 00       		.byte	0
 3942 0f4d 21       		.byte	33
 3943 0f4e 00       		.byte	0
 3944 0f4f 42       		.byte	66
 3945 0f50 16       		.byte	22
 3946 0f51 00       		.byte	0
 3947 0f52 00       		.byte	0
 3948 0f53 0F       		.byte	15
 3949 0f54 07       		.byte	7
 3950 0f55 70       		.byte	112
 3951 0f56 08       		.byte	8
 3952 0f57 80       		.byte	-128
 3953 0f58 00       		.byte	0
 3954 0f59 02       		.byte	2
 3955 0f5a 28       		.byte	40
 3956 0f5b 08       		.byte	8
 3957 0f5c 00       		.byte	0
 3958 0f5d 00       		.byte	0
 3959 0f5e 00       		.byte	0
 3960 0f5f 11       		.byte	17
 3961 0f60 25       		.byte	37
 3962 0f61 06       		.byte	6
 3963 0f62 04       		.byte	4
 3964 0f63 00       		.byte	0
 3965 0f64 03       		.byte	3
 3966 0f65 C0       		.byte	-64
 3967 0f66 E0       		.byte	-32
 3968 0f67 00       		.byte	0
 3969 0f68 0A       		.byte	10
 3970 0f69 FF       		.byte	-1
 3971 0f6a FF       		.byte	-1
 3972 0f6b FF       		.byte	-1
 3973 0f6c 62       		.byte	98
 3974 0f6d A0       		.byte	-96
 3975 0f6e F0       		.byte	-16
 3976 0f6f 41       		.byte	65
 3977 0f70 0C       		.byte	12
 3978 0f71 00       		.byte	0
 3979 0f72 00       		.byte	0
 3980 0f73 00       		.byte	0
 3981 0f74 18       		.byte	24
 3982 0f75 00       		.byte	0
 3983 0f76 04       		.byte	4
 3984 0f77 00       		.byte	0
 3985 0f78 04       		.byte	4
 3986 0f79 04       		.byte	4
 3987 0f7a 04       		.byte	4
 3988 0f7b 04       		.byte	4
 3989 0f7c 22       		.byte	34
 3990 0f7d 22       		.byte	34
ARM GAS  C:\Users\ROSS\AppData\Local\Temp\ccaFqsNb.s 			page 71


 3991 0f7e 00       		.byte	0
 3992 0f7f 01       		.byte	1
 3993 0f80 00       		.byte	0
 3994 0f81 00       		.byte	0
 3995 0f82 00       		.byte	0
 3996 0f83 00       		.byte	0
 3997 0f84 00       		.byte	0
 3998 0f85 00       		.byte	0
 3999 0f86 40       		.byte	64
 4000 0f87 02       		.byte	2
 4001 0f88 00       		.byte	0
 4002 0f89 10       		.byte	16
 4003 0f8a 30       		.byte	48
 4004 0f8b 10       		.byte	16
 4005 0f8c 00       		.byte	0
 4006 0f8d 10       		.byte	16
 4007 0f8e 10       		.byte	16
 4008 0f8f 12       		.byte	18
 4009 0f90 00       		.byte	0
 4010 0f91 00       		.byte	0
 4011 0f92 00       		.byte	0
 4012 0f93 00       		.byte	0
 4013 0f94 00       		.byte	0
 4014 0f95 00       		.byte	0
 4015 0f96 00       		.byte	0
 4016 0f97 00       		.byte	0
 4017 0f98 00       		.byte	0
 4018 0f99 00       		.byte	0
 4019 0f9a 00       		.byte	0
 4020 0f9b 00       		.byte	0
 4021 0f9c 00       		.byte	0
 4022 0f9d 00       		.byte	0
 4023 0f9e 00       		.byte	0
 4024 0f9f 00       		.byte	0
 4025 0fa0 07       		.byte	7
 4026 0fa1 01       		.byte	1
 4027 0fa2 00       		.byte	0
 4028 0fa3 00       		.byte	0
 4029 0fa4 00       		.byte	0
 4030 0fa5 00       		.byte	0
 4031 0fa6 00       		.byte	0
 4032 0fa7 00       		.byte	0
 4033 0fa8 07       		.byte	7
 4034 0fa9 01       		.byte	1
 4035 0faa 03       		.byte	3
 4036 0fab 01       		.byte	1
 4037 0fac 06       		.byte	6
 4038 0fad 01       		.byte	1
 4039 0fae 07       		.byte	7
 4040 0faf 01       		.byte	1
 4041 0fb0 03       		.byte	3
 4042 0fb1 00       		.byte	0
 4043 0fb2 00       		.byte	0
 4044 0fb3 00       		.byte	0
 4045 0fb4 00       		.byte	0
 4046 0fb5 E0       		.byte	-32
 4047 0fb6 E0       		.byte	-32
ARM GAS  C:\Users\ROSS\AppData\Local\Temp\ccaFqsNb.s 			page 72


 4048 0fb7 00       		.byte	0
 4049 0fb8 00       		.byte	0
 4050 0fb9 1C       		.byte	28
 4051 0fba 1C       		.byte	28
 4052 0fbb 00       		.byte	0
 4053 0fbc 1C       		.byte	28
 4054 0fbd 00       		.byte	0
 4055 0fbe 00       		.byte	0
 4056 0fbf 00       		.byte	0
 4057 0fc0 40       		.byte	64
 4058 0fc1 00       		.byte	0
 4059 0fc2 06       		.byte	6
 4060 0fc3 00       		.byte	0
 4061 0fc4 00       		.byte	0
 4062 0fc5 00       		.byte	0
 4063 0fc6 00       		.byte	0
 4064 0fc7 00       		.byte	0
 4065 0fc8 C0       		.byte	-64
 4066 0fc9 00       		.byte	0
 4067 0fca 00       		.byte	0
 4068 0fcb 00       		.byte	0
 4069 0fcc 00       		.byte	0
 4070 0fcd 0B       		.byte	11
 4071 0fce 0B       		.byte	11
 4072 0fcf 00       		.byte	0
 4073 0fd0 00       		.byte	0
 4074 0fd1 F4       		.byte	-12
 4075 0fd2 F4       		.byte	-12
 4076 0fd3 00       		.byte	0
 4077 0fd4 08       		.byte	8
 4078 0fd5 00       		.byte	0
 4079 0fd6 14       		.byte	20
 4080 0fd7 0A       		.byte	10
 4081 0fd8 0A       		.byte	10
 4082 0fd9 00       		.byte	0
 4083 0fda 08       		.byte	8
 4084 0fdb 00       		.byte	0
 4085 0fdc 00       		.byte	0
 4086 0fdd 00       		.byte	0
 4087 0fde 00       		.byte	0
 4088 0fdf 00       		.byte	0
 4089 0fe0 00       		.byte	0
 4090 0fe1 7B       		.byte	123
 4091 0fe2 7B       		.byte	123
 4092 0fe3 00       		.byte	0
 4093 0fe4 38       		.byte	56
 4094 0fe5 00       		.byte	0
 4095 0fe6 00       		.byte	0
 4096 0fe7 00       		.byte	0
 4097 0fe8 00       		.byte	0
 4098 0fe9 01       		.byte	1
 4099 0fea 00       		.byte	0
 4100 0feb 00       		.byte	0
 4101              		.global	cy_meta_custnvl
 4102              		.section	.cycustnvl,"a",%progbits
 4103              		.align	2
 4104              		.type	cy_meta_custnvl, %object
ARM GAS  C:\Users\ROSS\AppData\Local\Temp\ccaFqsNb.s 			page 73


 4105              		.size	cy_meta_custnvl, 4
 4106              	cy_meta_custnvl:
 4107 0000 00       		.byte	0
 4108 0001 00       		.byte	0
 4109 0002 40       		.byte	64
 4110 0003 05       		.byte	5
 4111              		.global	cy_meta_wonvl
 4112              		.section	.cywolatch,"a",%progbits
 4113              		.align	2
 4114              		.type	cy_meta_wonvl, %object
 4115              		.size	cy_meta_wonvl, 4
 4116              	cy_meta_wonvl:
 4117 0000 BC       		.byte	-68
 4118 0001 90       		.byte	-112
 4119 0002 AC       		.byte	-84
 4120 0003 AF       		.byte	-81
 4121              		.global	cy_meta_flashprotect
 4122              		.section	.cyflashprotect,"a",%progbits
 4123              		.align	2
 4124              		.type	cy_meta_flashprotect, %object
 4125              		.size	cy_meta_flashprotect, 256
 4126              	cy_meta_flashprotect:
 4127 0000 00000000 		.space	256
 4127      00000000 
 4127      00000000 
 4127      00000000 
 4127      00000000 
 4128              		.global	cy_metadata
 4129              		.section	.cymeta,"a",%progbits
 4130              		.align	2
 4131              		.type	cy_metadata, %object
 4132              		.size	cy_metadata, 12
 4133              	cy_metadata:
 4134 0000 00       		.byte	0
 4135 0001 01       		.byte	1
 4136 0002 2E       		.byte	46
 4137 0003 16       		.byte	22
 4138 0004 10       		.byte	16
 4139 0005 69       		.byte	105
 4140 0006 00       		.byte	0
 4141 0007 01       		.byte	1
 4142 0008 00       		.byte	0
 4143 0009 00       		.byte	0
 4144 000a 00       		.byte	0
 4145 000b 00       		.byte	0
 4146              		.text
 4147              	.Letext0:
 4148              		.file 1 "d:\\program files (x86)\\cypress\\psoc creator\\4.4\\psoc creator\\import\\gnu\\arm\\5.4.
 4149              		.file 2 "d:\\program files (x86)\\cypress\\psoc creator\\4.4\\psoc creator\\import\\gnu\\arm\\5.4.
 4150              		.file 3 "Generated_Source\\PSoC5\\cymetadata.c"
 4151              		.section	.debug_info,"",%progbits
 4152              	.Ldebug_info0:
 4153 0000 35010000 		.4byte	0x135
 4154 0004 0400     		.2byte	0x4
 4155 0006 00000000 		.4byte	.Ldebug_abbrev0
 4156 000a 04       		.byte	0x4
 4157 000b 01       		.uleb128 0x1
ARM GAS  C:\Users\ROSS\AppData\Local\Temp\ccaFqsNb.s 			page 74


 4158 000c 68000000 		.4byte	.LASF17
 4159 0010 0C       		.byte	0xc
 4160 0011 DC010000 		.4byte	.LASF18
 4161 0015 00000000 		.4byte	.LASF19
 4162 0019 00000000 		.4byte	.Ldebug_line0
 4163 001d 02       		.uleb128 0x2
 4164 001e 01       		.byte	0x1
 4165 001f 06       		.byte	0x6
 4166 0020 D0010000 		.4byte	.LASF0
 4167 0024 03       		.uleb128 0x3
 4168 0025 5E000000 		.4byte	.LASF9
 4169 0029 01       		.byte	0x1
 4170 002a 1D       		.byte	0x1d
 4171 002b 2F000000 		.4byte	0x2f
 4172 002f 02       		.uleb128 0x2
 4173 0030 01       		.byte	0x1
 4174 0031 08       		.byte	0x8
 4175 0032 02010000 		.4byte	.LASF1
 4176 0036 02       		.uleb128 0x2
 4177 0037 02       		.byte	0x2
 4178 0038 05       		.byte	0x5
 4179 0039 BD010000 		.4byte	.LASF2
 4180 003d 02       		.uleb128 0x2
 4181 003e 02       		.byte	0x2
 4182 003f 07       		.byte	0x7
 4183 0040 22010000 		.4byte	.LASF3
 4184 0044 02       		.uleb128 0x2
 4185 0045 04       		.byte	0x4
 4186 0046 05       		.byte	0x5
 4187 0047 C7010000 		.4byte	.LASF4
 4188 004b 02       		.uleb128 0x2
 4189 004c 04       		.byte	0x4
 4190 004d 07       		.byte	0x7
 4191 004e 10010000 		.4byte	.LASF5
 4192 0052 02       		.uleb128 0x2
 4193 0053 08       		.byte	0x8
 4194 0054 05       		.byte	0x5
 4195 0055 AF010000 		.4byte	.LASF6
 4196 0059 02       		.uleb128 0x2
 4197 005a 08       		.byte	0x8
 4198 005b 07       		.byte	0x7
 4199 005c 64010000 		.4byte	.LASF7
 4200 0060 04       		.uleb128 0x4
 4201 0061 04       		.byte	0x4
 4202 0062 05       		.byte	0x5
 4203 0063 696E7400 		.ascii	"int\000"
 4204 0067 02       		.uleb128 0x2
 4205 0068 04       		.byte	0x4
 4206 0069 07       		.byte	0x7
 4207 006a 57010000 		.4byte	.LASF8
 4208 006e 03       		.uleb128 0x3
 4209 006f 7B010000 		.4byte	.LASF10
 4210 0073 02       		.byte	0x2
 4211 0074 18       		.byte	0x18
 4212 0075 24000000 		.4byte	0x24
 4213 0079 05       		.uleb128 0x5
 4214 007a 91000000 		.4byte	0x91
ARM GAS  C:\Users\ROSS\AppData\Local\Temp\ccaFqsNb.s 			page 75


 4215 007e 8A000000 		.4byte	0x8a
 4216 0082 06       		.uleb128 0x6
 4217 0083 8A000000 		.4byte	0x8a
 4218 0087 EB0F     		.2byte	0xfeb
 4219 0089 00       		.byte	0
 4220 008a 02       		.uleb128 0x2
 4221 008b 04       		.byte	0x4
 4222 008c 07       		.byte	0x7
 4223 008d A6010000 		.4byte	.LASF11
 4224 0091 07       		.uleb128 0x7
 4225 0092 6E000000 		.4byte	0x6e
 4226 0096 08       		.uleb128 0x8
 4227 0097 45010000 		.4byte	.LASF12
 4228 009b 03       		.byte	0x3
 4229 009c 1F       		.byte	0x1f
 4230 009d A7000000 		.4byte	0xa7
 4231 00a1 05       		.uleb128 0x5
 4232 00a2 03       		.byte	0x3
 4233 00a3 00000000 		.4byte	cy_meta_configecc
 4234 00a7 07       		.uleb128 0x7
 4235 00a8 79000000 		.4byte	0x79
 4236 00ac 05       		.uleb128 0x5
 4237 00ad 91000000 		.4byte	0x91
 4238 00b1 BC000000 		.4byte	0xbc
 4239 00b5 09       		.uleb128 0x9
 4240 00b6 8A000000 		.4byte	0x8a
 4241 00ba 03       		.byte	0x3
 4242 00bb 00       		.byte	0
 4243 00bc 0A       		.uleb128 0xa
 4244 00bd 35010000 		.4byte	.LASF13
 4245 00c1 03       		.byte	0x3
 4246 00c2 2A02     		.2byte	0x22a
 4247 00c4 CE000000 		.4byte	0xce
 4248 00c8 05       		.uleb128 0x5
 4249 00c9 03       		.byte	0x3
 4250 00ca 00000000 		.4byte	cy_meta_custnvl
 4251 00ce 07       		.uleb128 0x7
 4252 00cf AC000000 		.4byte	0xac
 4253 00d3 0A       		.uleb128 0xa
 4254 00d4 98010000 		.4byte	.LASF14
 4255 00d8 03       		.byte	0x3
 4256 00d9 3802     		.2byte	0x238
 4257 00db E5000000 		.4byte	0xe5
 4258 00df 05       		.uleb128 0x5
 4259 00e0 03       		.byte	0x3
 4260 00e1 00000000 		.4byte	cy_meta_wonvl
 4261 00e5 07       		.uleb128 0x7
 4262 00e6 AC000000 		.4byte	0xac
 4263 00ea 05       		.uleb128 0x5
 4264 00eb 91000000 		.4byte	0x91
 4265 00ef FA000000 		.4byte	0xfa
 4266 00f3 09       		.uleb128 0x9
 4267 00f4 8A000000 		.4byte	0x8a
 4268 00f8 FF       		.byte	0xff
 4269 00f9 00       		.byte	0
 4270 00fa 0A       		.uleb128 0xa
 4271 00fb 83010000 		.4byte	.LASF15
ARM GAS  C:\Users\ROSS\AppData\Local\Temp\ccaFqsNb.s 			page 76


 4272 00ff 03       		.byte	0x3
 4273 0100 4602     		.2byte	0x246
 4274 0102 0C010000 		.4byte	0x10c
 4275 0106 05       		.uleb128 0x5
 4276 0107 03       		.byte	0x3
 4277 0108 00000000 		.4byte	cy_meta_flashprotect
 4278 010c 07       		.uleb128 0x7
 4279 010d EA000000 		.4byte	0xea
 4280 0111 05       		.uleb128 0x5
 4281 0112 91000000 		.4byte	0x91
 4282 0116 21010000 		.4byte	0x121
 4283 011a 09       		.uleb128 0x9
 4284 011b 8A000000 		.4byte	0x8a
 4285 011f 0B       		.byte	0xb
 4286 0120 00       		.byte	0
 4287 0121 0A       		.uleb128 0xa
 4288 0122 F6000000 		.4byte	.LASF16
 4289 0126 03       		.byte	0x3
 4290 0127 7302     		.2byte	0x273
 4291 0129 33010000 		.4byte	0x133
 4292 012d 05       		.uleb128 0x5
 4293 012e 03       		.byte	0x3
 4294 012f 00000000 		.4byte	cy_metadata
 4295 0133 07       		.uleb128 0x7
 4296 0134 11010000 		.4byte	0x111
 4297 0138 00       		.byte	0
 4298              		.section	.debug_abbrev,"",%progbits
 4299              	.Ldebug_abbrev0:
 4300 0000 01       		.uleb128 0x1
 4301 0001 11       		.uleb128 0x11
 4302 0002 01       		.byte	0x1
 4303 0003 25       		.uleb128 0x25
 4304 0004 0E       		.uleb128 0xe
 4305 0005 13       		.uleb128 0x13
 4306 0006 0B       		.uleb128 0xb
 4307 0007 03       		.uleb128 0x3
 4308 0008 0E       		.uleb128 0xe
 4309 0009 1B       		.uleb128 0x1b
 4310 000a 0E       		.uleb128 0xe
 4311 000b 10       		.uleb128 0x10
 4312 000c 17       		.uleb128 0x17
 4313 000d 00       		.byte	0
 4314 000e 00       		.byte	0
 4315 000f 02       		.uleb128 0x2
 4316 0010 24       		.uleb128 0x24
 4317 0011 00       		.byte	0
 4318 0012 0B       		.uleb128 0xb
 4319 0013 0B       		.uleb128 0xb
 4320 0014 3E       		.uleb128 0x3e
 4321 0015 0B       		.uleb128 0xb
 4322 0016 03       		.uleb128 0x3
 4323 0017 0E       		.uleb128 0xe
 4324 0018 00       		.byte	0
 4325 0019 00       		.byte	0
 4326 001a 03       		.uleb128 0x3
 4327 001b 16       		.uleb128 0x16
 4328 001c 00       		.byte	0
ARM GAS  C:\Users\ROSS\AppData\Local\Temp\ccaFqsNb.s 			page 77


 4329 001d 03       		.uleb128 0x3
 4330 001e 0E       		.uleb128 0xe
 4331 001f 3A       		.uleb128 0x3a
 4332 0020 0B       		.uleb128 0xb
 4333 0021 3B       		.uleb128 0x3b
 4334 0022 0B       		.uleb128 0xb
 4335 0023 49       		.uleb128 0x49
 4336 0024 13       		.uleb128 0x13
 4337 0025 00       		.byte	0
 4338 0026 00       		.byte	0
 4339 0027 04       		.uleb128 0x4
 4340 0028 24       		.uleb128 0x24
 4341 0029 00       		.byte	0
 4342 002a 0B       		.uleb128 0xb
 4343 002b 0B       		.uleb128 0xb
 4344 002c 3E       		.uleb128 0x3e
 4345 002d 0B       		.uleb128 0xb
 4346 002e 03       		.uleb128 0x3
 4347 002f 08       		.uleb128 0x8
 4348 0030 00       		.byte	0
 4349 0031 00       		.byte	0
 4350 0032 05       		.uleb128 0x5
 4351 0033 01       		.uleb128 0x1
 4352 0034 01       		.byte	0x1
 4353 0035 49       		.uleb128 0x49
 4354 0036 13       		.uleb128 0x13
 4355 0037 01       		.uleb128 0x1
 4356 0038 13       		.uleb128 0x13
 4357 0039 00       		.byte	0
 4358 003a 00       		.byte	0
 4359 003b 06       		.uleb128 0x6
 4360 003c 21       		.uleb128 0x21
 4361 003d 00       		.byte	0
 4362 003e 49       		.uleb128 0x49
 4363 003f 13       		.uleb128 0x13
 4364 0040 2F       		.uleb128 0x2f
 4365 0041 05       		.uleb128 0x5
 4366 0042 00       		.byte	0
 4367 0043 00       		.byte	0
 4368 0044 07       		.uleb128 0x7
 4369 0045 26       		.uleb128 0x26
 4370 0046 00       		.byte	0
 4371 0047 49       		.uleb128 0x49
 4372 0048 13       		.uleb128 0x13
 4373 0049 00       		.byte	0
 4374 004a 00       		.byte	0
 4375 004b 08       		.uleb128 0x8
 4376 004c 34       		.uleb128 0x34
 4377 004d 00       		.byte	0
 4378 004e 03       		.uleb128 0x3
 4379 004f 0E       		.uleb128 0xe
 4380 0050 3A       		.uleb128 0x3a
 4381 0051 0B       		.uleb128 0xb
 4382 0052 3B       		.uleb128 0x3b
 4383 0053 0B       		.uleb128 0xb
 4384 0054 49       		.uleb128 0x49
 4385 0055 13       		.uleb128 0x13
ARM GAS  C:\Users\ROSS\AppData\Local\Temp\ccaFqsNb.s 			page 78


 4386 0056 3F       		.uleb128 0x3f
 4387 0057 19       		.uleb128 0x19
 4388 0058 02       		.uleb128 0x2
 4389 0059 18       		.uleb128 0x18
 4390 005a 00       		.byte	0
 4391 005b 00       		.byte	0
 4392 005c 09       		.uleb128 0x9
 4393 005d 21       		.uleb128 0x21
 4394 005e 00       		.byte	0
 4395 005f 49       		.uleb128 0x49
 4396 0060 13       		.uleb128 0x13
 4397 0061 2F       		.uleb128 0x2f
 4398 0062 0B       		.uleb128 0xb
 4399 0063 00       		.byte	0
 4400 0064 00       		.byte	0
 4401 0065 0A       		.uleb128 0xa
 4402 0066 34       		.uleb128 0x34
 4403 0067 00       		.byte	0
 4404 0068 03       		.uleb128 0x3
 4405 0069 0E       		.uleb128 0xe
 4406 006a 3A       		.uleb128 0x3a
 4407 006b 0B       		.uleb128 0xb
 4408 006c 3B       		.uleb128 0x3b
 4409 006d 05       		.uleb128 0x5
 4410 006e 49       		.uleb128 0x49
 4411 006f 13       		.uleb128 0x13
 4412 0070 3F       		.uleb128 0x3f
 4413 0071 19       		.uleb128 0x19
 4414 0072 02       		.uleb128 0x2
 4415 0073 18       		.uleb128 0x18
 4416 0074 00       		.byte	0
 4417 0075 00       		.byte	0
 4418 0076 00       		.byte	0
 4419              		.section	.debug_aranges,"",%progbits
 4420 0000 14000000 		.4byte	0x14
 4421 0004 0200     		.2byte	0x2
 4422 0006 00000000 		.4byte	.Ldebug_info0
 4423 000a 04       		.byte	0x4
 4424 000b 00       		.byte	0
 4425 000c 0000     		.2byte	0
 4426 000e 0000     		.2byte	0
 4427 0010 00000000 		.4byte	0
 4428 0014 00000000 		.4byte	0
 4429              		.section	.debug_line,"",%progbits
 4430              	.Ldebug_line0:
 4431 0000 3D010000 		.section	.debug_str,"MS",%progbits,1
 4431      02003701 
 4431      00000201 
 4431      FB0E0D00 
 4431      01010101 
 4432              	.LASF19:
 4433 0000 443A5C43 		.ascii	"D:\\CourseWork\\COMPSYS301\\psoc student pack\\psoc"
 4433      6F757273 
 4433      65576F72 
 4433      6B5C434F 
 4433      4D505359 
 4434 002f 20737475 		.ascii	" student pack\\psoc_code_base\\CS301_Class.cydsn\000"
ARM GAS  C:\Users\ROSS\AppData\Local\Temp\ccaFqsNb.s 			page 79


 4434      64656E74 
 4434      20706163 
 4434      6B5C7073 
 4434      6F635F63 
 4435              	.LASF9:
 4436 005e 5F5F7569 		.ascii	"__uint8_t\000"
 4436      6E74385F 
 4436      7400
 4437              	.LASF17:
 4438 0068 474E5520 		.ascii	"GNU C11 5.4.1 20160609 (release) [ARM/embedded-5-br"
 4438      43313120 
 4438      352E342E 
 4438      31203230 
 4438      31363036 
 4439 009b 616E6368 		.ascii	"anch revision 237715] -mcpu=cortex-m3 -mthumb -g -O"
 4439      20726576 
 4439      6973696F 
 4439      6E203233 
 4439      37373135 
 4440 00ce 30202D66 		.ascii	"0 -ffunction-sections -ffat-lto-objects\000"
 4440      66756E63 
 4440      74696F6E 
 4440      2D736563 
 4440      74696F6E 
 4441              	.LASF16:
 4442 00f6 63795F6D 		.ascii	"cy_metadata\000"
 4442      65746164 
 4442      61746100 
 4443              	.LASF1:
 4444 0102 756E7369 		.ascii	"unsigned char\000"
 4444      676E6564 
 4444      20636861 
 4444      7200
 4445              	.LASF5:
 4446 0110 6C6F6E67 		.ascii	"long unsigned int\000"
 4446      20756E73 
 4446      69676E65 
 4446      6420696E 
 4446      7400
 4447              	.LASF3:
 4448 0122 73686F72 		.ascii	"short unsigned int\000"
 4448      7420756E 
 4448      7369676E 
 4448      65642069 
 4448      6E7400
 4449              	.LASF13:
 4450 0135 63795F6D 		.ascii	"cy_meta_custnvl\000"
 4450      6574615F 
 4450      63757374 
 4450      6E766C00 
 4451              	.LASF12:
 4452 0145 63795F6D 		.ascii	"cy_meta_configecc\000"
 4452      6574615F 
 4452      636F6E66 
 4452      69676563 
 4452      6300
 4453              	.LASF8:
ARM GAS  C:\Users\ROSS\AppData\Local\Temp\ccaFqsNb.s 			page 80


 4454 0157 756E7369 		.ascii	"unsigned int\000"
 4454      676E6564 
 4454      20696E74 
 4454      00
 4455              	.LASF7:
 4456 0164 6C6F6E67 		.ascii	"long long unsigned int\000"
 4456      206C6F6E 
 4456      6720756E 
 4456      7369676E 
 4456      65642069 
 4457              	.LASF10:
 4458 017b 75696E74 		.ascii	"uint8_t\000"
 4458      385F7400 
 4459              	.LASF15:
 4460 0183 63795F6D 		.ascii	"cy_meta_flashprotect\000"
 4460      6574615F 
 4460      666C6173 
 4460      6870726F 
 4460      74656374 
 4461              	.LASF14:
 4462 0198 63795F6D 		.ascii	"cy_meta_wonvl\000"
 4462      6574615F 
 4462      776F6E76 
 4462      6C00
 4463              	.LASF11:
 4464 01a6 73697A65 		.ascii	"sizetype\000"
 4464      74797065 
 4464      00
 4465              	.LASF6:
 4466 01af 6C6F6E67 		.ascii	"long long int\000"
 4466      206C6F6E 
 4466      6720696E 
 4466      7400
 4467              	.LASF2:
 4468 01bd 73686F72 		.ascii	"short int\000"
 4468      7420696E 
 4468      7400
 4469              	.LASF4:
 4470 01c7 6C6F6E67 		.ascii	"long int\000"
 4470      20696E74 
 4470      00
 4471              	.LASF0:
 4472 01d0 7369676E 		.ascii	"signed char\000"
 4472      65642063 
 4472      68617200 
 4473              	.LASF18:
 4474 01dc 47656E65 		.ascii	"Generated_Source\\PSoC5\\cymetadata.c\000"
 4474      72617465 
 4474      645F536F 
 4474      75726365 
 4474      5C50536F 
 4475              		.ident	"GCC: (GNU Tools for ARM Embedded Processors) 5.4.1 20160609 (release) [ARM/embedded-5-bran
