=~=~=~=~=~=~=~=~=~=~=~= PuTTY log 2026.08.23 20:32:02 =~=~=~=~=~=~=~=~=~=~=~=
230,3104,97
231,2958,92
232,2821,88
233,2689,84
234,2565,80
235,2442,76
236,2333,72
237,2224,69
238,2119,66
239,2020,63
240,1927,60
241,1838,57
242,1753,54
243,1672,52
244,1596,49
245,1522,47
246,1453,45
247,1386,43
248,1322,41
249,1261,39
250,1204,37
251,1147,35
252,1095,34
253,1046,32
254,998,31
255,953,29
256,909,28
257,865,27
258,855,26
259,1053,32
260,1243,38
261,1416,44
262,1583,49
263,1739,54
264,1888,59
265,2028,63
266,2165,67
267,2291,71
268,2414,75
269,2529,79
270,2640,82
271,2743,85
272,2843,88
273,2936,91
274,3026,94
275,3111,97
276,3197,99
277,3273,102
278,3346,104
279,3418,106
280,3485,108
281,3549,110
282,3608,112
283,3668,114
284,3722,116
285,3777,118
286,3826,119
287,3874,121
288,3920,122
289,3963,123
290,4005,125
291,4047,126
292,3897,121
293,3710,115
294,3532,110
295,3365,105
296,3203,100
297,3056,95
298,2912,91
299,2778,86
300,2647,82
301,2525,78
302,2405,75
303,2293,71
304,2188,68
305,2085,65
306,1990,62
307,1898,59
308,1807,56
309,1726,53
310,1645,51
311,1570,49
312,1498,46
313,1429,44
314,1363,42
315,1300,40
316,1241,38
317,1185,37
318,1129,35
319,1079,33
320,1030,32
321,982,30
322,937,29
323,895,27
324,853,26
325,925,28
326,1117,34
327,1302,40
328,1472,46
329,1637,51
330,1789,55
331,1937,60
332,2073,64
333,2207,68
334,2332,72
335,2452,76
336,2565,80
337,2675,83
338,2777,86
339,2874,89
340,2969,92
341,3057,95
342,3139,98
343,3221,100
344,3296,103
345,3369,105
346,3440,107
347,3505,109
348,3569,111
349,3630,113
350,3687,115
351,3741,116
352,3792,118
353,3842,120
354,3890,121
355,3933,122
356,3978,124
357,4018,125
358,4031,125
359,3833,119
360,3650,114
361,3475,108
362,3313,103
363,3155,98
364,3008,94
365,2866,89
366,2732,85
367,2606,81
368,2483,77
369,2368,74
370,2258,70
371,2152,67
372,2052,64
373,1959,61
374,1868,58
375,1782,55
376,1700,53
377,1621,50
378,1547,48
379,1475,46
380,1407,43
381,1341,41
382,1281,40
383,1223,38
384,1166,36
385,1111,34
386,1062,33
387,1015,31
388,968,30
389,920,28
390,881,27
391,839,26
392,990,30
393,1179,36
394,1357,42
395,1527,47
396,1688,52
397,1839,57
398,1983,61
399,2120,66
400,2249,70
401,2374,74
402,2490,77
403,2603,81
404,2708,84
405,2810,87
406,2905,90
407,2997,93
408,3085,96
409,3167,98
410,3247,101
411,3323,103
412,3392,106
413,3462,108
414,3525,110
415,3586,112
416,3648,114
417,3704,115
418,3757,117
419,3810,119
420,3858,120
421,3905,122
422,3949,123
423,3992,124
424,4030,125
425,3965,123
426,3771,117
427,3593,112
428,3420,106
429,3260,101
430,3105,97
431,2961,92
432,2820,88
433,2692,84
434,2564,80
435,2445,76
436,2334,72
437,2223,69
438,2117,66
439,2023,63
440,1928,60
441,1840,57
442,1753,54
443,1672,52
444,1597,49
445,1523,47
446,1452,45
447,1387,43
448,1322,41
449,1262,39
450,1203,37
451,1148,35
452,1096,34
453,1046,32
454,997,31
455,953,29
456,909,28
457,867,27
458,852,26
459,1051,32
460,1239,38
461,1414,44
462,1581,49
463,1737,54
464,1887,58
465,2028,63
466,2163,67
467,2291,71
468,2411,75
469,2533,79
470,2638,82
471,2745,85
472,2841,88
473,2936,91
474,3026,94
475,3112,97
476,3193,99
477,3272,102
478,3345,104
479,3416,106
480,3484,108
481,3547,110
482,3609,112
483,3665,114
484,3722,116
485,3774,117
486,3824,119
487,3871,120
488,3920,122
489,3965,123
490,4006,125
491,4045,126
492,3901,121
493,3711,115
494,3535,110
495,3366,105
496,3208,100
497,3058,95
498,2914,91
499,2778,86
0,1939,60
1,2078,64
2,2208,69
3,2334,72
4,2454,76
5,2567,80
6,2675,83
7,2779,86
8,2875,89
9,2969,92
10,3057,95
11,3143,98
12,3221,100
13,3297,103
14,3370,105
15,3441,107
16,3506,109
17,3571,111
18,3629,113
19,3687,115
20,3742,116
21,3792,118
22,3841,120
23,3891,121
24,3936,123
25,3979,124
26,4020,125
27,4030,125
28,3833,119
29,3649,114
30,3475,108
31,3310,103
32,3153,98
33,3005,93
34,2866,89
35,2731,85
36,2604,81
37,2484,77
38,2367,73
39,2256,70
40,2152,67
41,2053,64
42,1957,61
43,1864,58
44,1781,55
45,1699,53
46,1621,50
47,1545,48
48,1474,46
49,1405,43
50,1343,41
51,1280,40
52,1223,38
53,1165,36
54,1112,34
55,1060,33
56,1014,31
57,967,30
58,923,28
59,879,27
60,839,26
61,991,30
62,1183,36
63,1361,42
64,1530,47
65,1690,52
66,1843,57
67,1985,62
68,2123,66
69,2252,70
70,2376,74
71,2493,77
72,2605,81
73,2711,84
74,2812,87
75,2908,90
76,2998,93
77,3086,96
78,3168,99
79,3248,101
80,3321,103
81,3395,106
82,3462,108
83,3528,110
84,3591,112
85,3649,114
86,3707,115
87,3759,117
88,3812,119
89,3856,120
90,3905,122
91,3949,123
92,3993,124
93,4033,126
94,3961,123
95,3766,117
96,3588,112
97,3419,106
98,3257,101
99,3103,96
100,2959,92
101,2820,88
102,2689,84
103,2563,80
104,2445,76
105,2331,72
106,2220,69
107,2117,66
108,2018,63
109,1925,60
110,1837,57
111,1753,54
112,1670,52
113,1595,49
114,1522,47
115,1451,45
116,1384,43
117,1323,41
118,1260,39
119,1203,37
120,1148,35
121,1097,34
122,1044,32
123,996,31
124,950,29
125,907,28
126,866,27
127,858,26
128,1056,33
129,1243,38
130,1418,44
131,1585,49
132,1741,54
133,1891,59
134,2033,63
135,2166,67
136,2292,71
137,2414,75
138,2530,79
139,2643,82
140,2745,85
141,2844,88
142,2938,91
143,3029,94
144,3111,97
145,3196,99
146,3272,102
147,3346,104
148,3418,106
149,3486,108
150,3548,110
151,3615,112
152,3668,114
153,3724,116
154,3777,118
155,3826,119
156,3876,121
157,3922,122
158,3967,123
159,4008,125
160,4045,126
161,3895,121
162,3706,115
163,3528,110
164,3363,105
165,3202,100
166,3053,95
167,2911,90
168,2774,86
169,2639,82
170,2520,78
171,2404,75
172,2293,71
173,2185,68
174,2085,65
175,1988,62
176,1897,59
177,1807,56
178,1726,53
179,1646,51
180,1570,49
181,1497,46
182,1429,44
183,1363,42
184,1302,40
185,1241,38
186,1185,37
187,1129,35
188,1079,33
189,1028,32
190,982,30
191,936,29
192,893,27
193,853,26
194,925,28
195,1121,35
196,1304,40
197,1476,46
198,1638,51
199,1793,56
200,1939,60
201,2078,64
202,2210,69
203,2334,72
204,2454,76
205,2565,80
206,2678,83
207,2778,86
208,2877,89
209,2963,92
210,3058,95
211,3142,98
212,3222,100
213,3299,103
214,3370,105
215,3441,107
216,3507,109
217,3569,111
218,3630,113
219,3687,115
220,3742,116
221,3794,118
222,3843,120
223,3890,121
224,3936,123
225,3980,124
226,4022,125
227,4028,125
228,3832,119
229,3647,113
230,3472,108
231,3309,103
232,3151,98
233,3004,93
234,2863,89
235,2730,85
236,2604,81
237,2481,77
238,2365,73
239,2256,70
240,2151,67
241,2052,64
242,1956,61
243,1866,58
244,1777,55
245,1698,53
246,1619,50
247,1545,48
248,1474,46
249,1407,43
250,1342,41
251,1279,39
252,1220,38
253,1165,36
254,1112,34
255,1060,33
256,1012,31
257,966,30
258,922,28
259,879,27
260,840,26
261,990,30
262,1184,37
263,1363,42
264,1531,47
265,1691,52
266,1844,57
267,1985,62
268,2123,66
269,2250,70
270,2377,74
271,2494,77
272,2604,81
273,2711,84
274,2814,87
275,2907,90
276,2999,93
277,3087,96
278,3170,99
279,3249,101
280,3325,103
281,3395,106
282,3463,108
283,3525,110
284,3591,112
285,3651,114
286,3705,115
287,3760,117
288,3810,119
289,3860,120
290,3907,122
291,3953,123
292,3995,124
293,4034,126
294,3959,123
295,3766,117
296,3587,112
297,3416,106
298,3253,101
299,3100,96
300,2956,92
301,2816,88
302,2688,84
303,2560,80
304,2443,76
305,2327,72
306,2221,69
307,2117,66
308,2018,63
309,1926,60
310,1836,57
311,1751,54
312,1671,52
313,1594,49
314,1521,47
315,1450,45
316,1385,43
317,1321,41
318,1260,39
319,1201,37
320,1147,35
321,1094,34
322,1044,32
323,995,31
324,951,29
325,906,28
326,867,27
327,862,26
328,1061,33
329,1245,38
330,1423,44
331,1587,49
332,1745,54
333,1892,59
334,2035,63
335,2168,67
336,2297,71
337,2415,75
338,2532,79
339,2643,82
340,2747,85
341,2845,88
342,2941,91
343,3030,94
344,3118,97
345,3196,99
346,3276,102
347,3347,104
348,3420,106
349,3487,108
350,3551,110
351,3611,112
352,3669,114
353,3725,116
354,3779,118
355,3827,119
356,3876,121
357,3922,122
358,3965,123
359,4008,125
360,4049,126
361,3893,121
362,3705,115
363,3527,110
364,3359,104
365,3202,100
366,3051,95
367,2906,90
368,2772,86
369,2643,82
370,2520,78
371,2402,75
372,2290,71
373,2184,68
374,2085,65
375,1987,62
376,1894,59
377,1806,56
378,1724,53
379,1644,51
380,1569,49
381,1497,46
382,1428,44
383,1361,42
384,1299,40
385,1239,38
386,1183,36
387,1130,35
388,1077,33
389,1028,32
390,981,30
391,936,29
392,894,27
393,853,26
394,930,29
395,1124,35
396,1307,40
397,1479,46
398,1641,51
399,1798,56
400,1940,60
401,2080,65
402,2205,68
403,2336,73
404,2457,76
405,2570,80
406,2678,83
407,2780,86
408,2879,89
409,2970,92
410,3060,95
411,3142,98
412,3223,100
413,3300,103
414,3373,105
415,3442,107
416,3508,109
417,3570,111
418,3631,113
419,3690,115
420,3745,117
421,3795,118
422,3845,120
423,3892,121
424,3937,123
425,3980,124
426,4021,125
427,4022,125
428,3825,119
429,3642,113
430,3468,108
431,3304,103
432,3148,98
433,3001,93
434,2863,89
435,2728,85
436,2601,81
437,2480,77
438,2364,73
439,2254,70
440,2149,67
441,2049,64
442,1954,61
443,1865,58
444,1779,55
445,1696,53
446,1618,50
447,1544,48
448,1474,46
449,1405,43
450,1339,41
451,1278,39
452,1220,38
453,1163,36
454,1109,34
455,1059,33
456,1012,31
457,964,30
458,921,28
459,877,27
460,831,25
461,1000,31
462,1189,37
463,1367,42
464,1536,48
465,1695,52
466,1848,57
467,1991,62
468,2127,66
469,2257,70
470,2379,74
471,2497,78
472,2609,81
473,2715,84
474,2815,87
475,2911,90
476,3002,93
477,3090,96
478,3171,99
479,3252,101
480,3326,103
481,3397,106
482,3463,108
483,3530,110
484,3592,112
485,3652,114
486,3711,115
487,3762,117
488,3813,119
489,3861,120
490,3909,122
491,3952,123
492,3994,124
493,4035,126
494,3954,123
495,3763,117
496,3581,111
497,3411,106
498,3249,101
499,3098,96
0,1809,56
1,1727,53
2,1649,51
3,1568,49
4,1499,46
5,1428,44
6,1363,42
7,1301,40
8,1241,38
9,1183,36
10,1130,35
11,1076,33
12,1030,32
13,980,30
14,937,29
15,894,27
16,852,26
17,923,28
18,1117,34
19,1303,40
20,1476,46
21,1638,51
22,1792,56
23,1937,60
24,2077,64
25,2208,69
26,2335,72
27,2454,76
28,2569,80
29,2677,83
30,2780,86
31,2876,89
32,2968,92
33,3056,95
34,3141,98
35,3221,100
36,3299,103
37,3370,105
38,3442,107
39,3507,109
40,3570,111
41,3629,113
42,3687,115
43,3738,116
44,3793,118
45,3842,120
46,3892,121
47,3936,123
48,3980,124
49,4019,125
50,4027,125
51,3830,119
52,3648,114
53,3473,108
54,3311,103
55,3153,98
56,3006,93
57,2862,89
58,2732,85
59,2603,81
60,2482,77
61,2365,73
62,2256,70
63,2152,67
64,2052,64
65,1958,61
66,1867,58
67,1781,55
68,1699,53
69,1620,50
70,1546,48
71,1475,46
72,1405,43
73,1340,41
74,1279,39
75,1220,38
76,1166,36
77,1112,34
78,1061,33
79,1013,31
80,965,30
81,921,28
82,878,27
83,840,26
84,992,31
85,1184,37
86,1363,42
87,1531,47
88,1691,52
89,1841,57
90,1981,61
91,2123,66
92,2251,70
93,2375,74
94,2492,77
95,2605,81
96,2711,84
97,2815,87
98,2908,90
99,2998,93
100,3086,96
101,3168,99
102,3248,101
103,3324,103
104,3395,106
105,3467,108
106,3527,110
107,3593,112
108,3650,114
109,3710,115
110,3759,117
111,3813,119
112,3858,120
113,3908,122
114,3951,123
115,3995,124
116,4032,126
117,3961,123
118,3768,117
119,3590,112
120,3418,106
121,3255,101
122,3103,96
123,2955,92
124,2819,88
125,2685,83
126,2564,80
127,2440,76
128,2329,72
129,2220,69
130,2117,66
131,2017,63
132,1925,60
133,1837,57
134,1747,54
135,1671,52
136,1593,49
137,1521,47
138,1450,45
139,1384,43
140,1321,41
141,1259,39
142,1203,37
143,1146,35
144,1095,34
145,1044,32
146,996,31
147,950,29
148,910,28
149,865,27
150,861,26
151,1059,33
152,1247,38
153,1422,44
154,1589,49
155,1746,54
156,1893,59
157,2033,63
158,2168,67
159,2294,71
160,2418,75
161,2531,79
162,2641,82
163,2745,85
164,2845,88
165,2940,91
166,3030,94
167,3117,97
168,3197,99
169,3274,102
170,3349,104
171,3419,106
172,3486,108
173,3549,110
174,3609,112
175,3668,114
176,3724,116
177,3776,118
178,3830,119
179,3876,121
180,3923,122
181,3966,123
182,4009,125
183,4047,126
184,3893,121
185,3704,115
186,3527,110
187,3359,104
188,3201,100
189,3050,95
190,2906,90
191,2772,86
192,2644,82
193,2519,78
194,2402,75
195,2290,71
196,2182,68
197,2082,65
198,1985,62
199,1899,59
200,1806,56
201,1724,53
202,1643,51
203,1568,49
204,1494,46
205,1427,44
206,1361,42
207,1299,40
208,1238,38
209,1183,36
210,1127,35
211,1076,33
212,1027,32
213,982,30
214,935,29
215,895,27
216,852,26
217,929,29
218,1124,35
219,1306,40
220,1477,46
221,1641,51
222,1794,56
223,1942,60
224,2080,65
225,2213,69
226,2338,73
227,2456,76
228,2569,80
229,2679,83
230,2780,86
231,2879,89
232,2971,92
233,3060,95
234,3141,98
235,3225,100
236,3300,103
237,3373,105
238,3442,107
239,3508,109
240,3572,111
241,3631,113
242,3686,115
243,3743,116
244,3795,118
245,3845,120
246,3892,121
247,3936,123
248,3978,124
249,4021,125
250,4024,125
251,3831,119
252,3644,113
253,3470,108
254,3306,103
255,3150,98
256,3002,93
257,2860,89
258,2730,85
259,2602,81
260,2479,77
261,2364,73
262,2254,70
263,2146,67
264,2049,64
265,1954,61
266,1865,58
267,1778,55
268,1697,53
269,1618,50
270,1542,48
271,1473,46
272,1405,43
273,1337,41
274,1280,40
275,1221,38
276,1164,36
277,1109,34
278,1060,33
279,1011,31
280,966,30
281,921,28
282,878,27
283,839,26
284,996,31
285,1187,37
286,1365,42
287,1534,47
288,1692,52
289,1844,57
290,1991,62
291,2125,66
292,2255,70
293,2376,74
294,2495,77
295,2606,81
296,2714,84
297,2814,87
298,2910,90
299,3004,93
300,3089,96
301,3169,99
302,3250,101
303,3324,103
304,3397,106
305,3463,108
306,3530,110
307,3591,112
308,3650,114
309,3708,115
310,3763,117
311,3811,119
312,3863,120
313,3908,122
314,3951,123
315,3993,124
316,4034,126
317,3956,123
318,3763,117
319,3582,111
320,3412,106
321,3252,101
322,3099,96
323,2955,92
324,2815,87
325,2684,83
326,2558,79
327,2442,76
328,2326,72
329,2220,69
330,2113,66
331,2018,63
332,1920,60
333,1835,57
334,1749,54
335,1671,52
336,1592,49
337,1519,47
338,1447,45
339,1382,43
340,1318,41
341,1259,39
342,1201,37
343,1146,35
344,1093,34
345,1043,32
346,995,31
347,951,29
348,908,28
349,866,27
350,862,26
351,1064,33
352,1248,39
353,1425,44
354,1589,49
355,1748,54
356,1894,59
357,2037,63
358,2170,67
359,2298,71
360,2421,75
361,2535,79
362,2644,82
363,2752,86
364,2848,89
365,2943,91
366,3031,94
367,3116,97
368,3199,99
369,3276,102
370,3349,104
371,3420,106
372,3486,108
373,3551,110
374,3613,112
375,3670,114
376,3724,116
377,3778,118
378,3828,119
379,3876,121
380,3924,122
381,3967,123
382,4009,125
383,4049,126
384,3889,121
385,3702,115
386,3522,110
387,3353,104
388,3198,99
389,3047,95
390,2906,90
391,2770,86
392,2645,82
393,2517,78
394,2401,75
395,2289,71
396,2183,68
397,2080,65
398,1985,62
399,1893,59
400,1804,56
401,1723,53
402,1642,51
403,1567,48
404,1494,46
405,1426,44
406,1360,42
407,1298,40
408,1238,38
409,1180,36
410,1129,35
411,1076,33
412,1027,32
413,979,30
414,936,29
415,892,27
416,850,26
417,934,29
418,1127,35
419,1311,40
420,1483,46
421,1644,51
422,1798,56
423,1943,60
424,2083,65
425,2213,69
426,2339,73
427,2460,76
428,2574,80
429,2679,83
430,2783,86
431,2879,89
432,2972,92
433,3062,95
434,3146,98
435,3223,100
436,3303,103
437,3375,105
438,3443,107
439,3508,109
440,3572,111
441,3631,113
442,3690,115
443,3744,117
444,3797,118
445,3845,120
446,3894,121
447,3938,123
448,3982,124
449,4021,125
450,4020,125
451,3822,119
452,3637,113
453,3465,108
454,3300,103
455,3146,98
456,2998,93
457,2859,89
458,2726,85
459,2597,81
460,2477,77
461,2361,73
462,2250,70
463,2147,67
464,2046,63
465,1954,61
466,1861,58
467,1777,55
468,1693,52
469,1616,50
470,1540,48
471,1471,45
472,1403,43
473,1339,41
474,1277,39
475,1219,38
476,1163,36
477,1110,34
478,1059,33
479,1010,31
480,963,30
481,920,28
482,876,27
483,838,26
484,1002,31
485,1191,37
486,1370,42
487,1538,48
488,1698,53
489,1848,57
490,1993,62
491,2128,66
492,2259,70
493,2381,74
494,2496,78
495,2612,81
496,2715,84
497,2817,88
498,2912,91
499,3003,93
0,3480,108
1,3546,110
2,3607,112
3,3666,114
4,3719,116
5,3775,117
6,3825,119
7,3872,121
8,3918,122
9,3961,123
10,4004,125
11,4044,126
12,3910,122
13,3720,116
14,3543,110
15,3374,105
16,3216,100
17,3064,95
18,2920,91
19,2784,87
20,2655,82
21,2530,79
22,2414,75
23,2300,71
24,2193,68
25,2090,65
26,1996,62
27,1902,59
28,1816,56
29,1731,54
30,1649,51
31,1574,49
32,1504,47
33,1433,44
34,1369,42
35,1305,40
36,1245,38
37,1186,37
38,1134,35
39,1080,33
40,1033,32
41,984,30
42,939,29
43,896,28
44,857,26
45,913,28
46,1109,34
47,1292,40
48,1464,45
49,1628,50
50,1781,55
51,1928,60
52,2069,64
53,2202,68
54,2327,72
55,2447,76
56,2562,80
57,2670,83
58,2774,86
59,2869,89
60,2964,92
61,3051,95
62,3136,98
63,3218,100
64,3294,102
65,3367,105
66,3435,107
67,3502,109
68,3567,111
69,3626,113
70,3682,115
71,3737,116
72,3791,118
73,3841,120
74,3888,121
75,3932,122
76,3977,124
77,4016,125
78,4042,126
79,3843,120
80,3660,114
81,3484,108
82,3319,103
83,3163,98
84,3013,94
85,2874,89
86,2738,85
87,2612,81
88,2489,77
89,2374,74
90,2263,70
91,2158,67
92,2058,64
93,1963,61
94,1871,58
95,1786,55
96,1703,53
97,1625,50
98,1548,48
99,1478,46
100,1409,44
101,1346,42
102,1283,40
103,1224,38
104,1168,36
105,1116,34
106,1063,33
107,1015,31
108,969,30
109,924,28
110,882,27
111,840,26
112,981,30
113,1171,36
114,1351,42
115,1520,47
116,1680,52
117,1834,57
118,1977,61
119,2114,66
120,2243,70
121,2369,74
122,2485,77
123,2597,81
124,2705,84
125,2807,87
126,2902,90
127,2995,93
128,3081,96
129,3164,98
130,3244,101
131,3319,103
132,3384,105
133,3460,108
134,3523,110
135,3589,112
136,3646,113
137,3705,115
138,3756,117
139,3808,119
140,3856,120
141,3903,121
142,3948,123
143,3992,124
144,4030,125
145,3972,124
146,3777,118
147,3598,112
148,3426,107
149,3263,101
150,3113,97
151,2965,92
152,2826,88
153,2692,84
154,2569,80
155,2447,76
156,2336,73
157,2227,69
158,2124,66
159,2026,63
160,1930,60
161,1842,57
162,1757,54
163,1675,52
164,1599,49
165,1523,47
166,1455,45
167,1389,43
168,1325,41
169,1261,39
170,1206,37
171,1150,35
172,1097,34
173,1045,32
174,999,31
175,953,29
176,910,28
177,868,27
178,847,26
179,1049,32
180,1233,38
181,1409,44
182,1577,49
183,1731,54
184,1884,58
185,2023,63
186,2160,67
187,2287,71
188,2410,75
189,2523,78
190,2636,82
191,2739,85
192,2840,88
193,2932,91
194,3024,94
195,3111,97
196,3192,99
197,3271,102
198,3344,104
199,3412,106
200,3482,108
201,3545,110
202,3608,112
203,3664,114
204,3721,116
205,3775,117
206,3826,119
207,3875,121
208,3919,122
209,3963,123
210,4006,125
211,4044,126
212,3904,122
213,3714,116
214,3538,110
215,3371,105
216,3211,100
217,3059,95
218,2915,91
219,2781,86
220,2650,82
221,2526,78
222,2408,75
223,2297,71
224,2190,68
225,2090,65
226,1991,62
227,1900,59
228,1810,56
229,1728,54
230,1650,51
231,1572,49
232,1501,46
233,1430,44
234,1361,42
235,1302,40
236,1243,38
237,1185,37
238,1131,35
239,1080,33
240,1029,32
241,983,30
242,937,29
243,896,28
244,854,26
245,919,28
246,1114,34
247,1297,40
248,1470,45
249,1633,51
250,1786,55
251,1933,60
252,2071,64
253,2205,68
254,2330,72
255,2450,76
256,2563,80
257,2672,83
258,2774,86
259,2873,89
260,2965,92
261,3057,95
262,3139,98
263,3220,100
264,3295,102
265,3369,105
266,3436,107
267,3504,109
268,3566,111
269,3628,113
270,3684,115
271,3741,116
272,3792,118
273,3843,120
274,3893,121
275,3935,122
276,3976,124
277,4021,125
278,4034,126
279,3837,119
280,3653,114
281,3476,108
282,3312,103
283,3156,98
284,3008,94
285,2867,89
286,2735,85
287,2605,81
288,2485,77
289,2369,74
290,2260,70
291,2155,67
292,2055,64
293,1959,61
294,1868,58
295,1782,55
296,1695,52
297,1620,50
298,1547,48
299,1475,46
300,1407,43
301,1341,41
302,1281,40
303,1221,38
304,1167,36
305,1114,34
306,1063,33
307,1014,31
308,967,30
309,922,28
310,881,27
311,837,26
312,987,30
313,1178,36
314,1357,42
315,1527,47
316,1687,52
317,1838,57
318,1982,61
319,2118,66
320,2249,70
321,2371,74
322,2490,77
323,2602,81
324,2709,84
325,2809,87
326,2906,90
327,2996,93
328,3085,96
329,3167,98
330,3247,101
331,3322,103
332,3392,106
333,3462,108
334,3525,110
335,3588,112
336,3649,114
337,3705,115
338,3758,117
339,3809,119
340,3859,120
341,3905,122
342,3950,123
343,3992,124
344,4033,126
345,3968,124
346,3773,117
347,3591,112
348,3420,106
349,3259,101
350,3106,97
351,2961,92
352,2821,88
353,2691,84
354,2566,80
355,2445,76
356,2331,72
357,2223,69
358,2119,66
359,2021,63
360,1926,60
361,1840,57
362,1753,54
363,1673,52
364,1597,49
365,1522,47
366,1452,45
367,1385,43
368,1322,41
369,1262,39
370,1203,37
371,1140,35
372,1094,34
373,1045,32
374,997,31
375,952,29
376,908,28
377,867,27
378,854,26
379,1054,32
380,1240,38
381,1418,44
382,1580,49
383,1739,54
384,1888,59
385,2029,63
386,2163,67
387,2292,71
388,2414,75
389,2531,79
390,2640,82
391,2745,85
392,2841,88
393,2937,91
394,3027,94
395,3112,97
396,3194,99
397,3271,102
398,3344,104
399,3418,106
400,3484,108
401,3549,110
402,3610,112
403,3669,114
404,3722,116
405,3776,118
406,3826,119
407,3873,121
408,3920,122
409,3965,123
410,4005,125
411,4046,126
412,3897,121
413,3711,115
414,3531,110
415,3366,105
416,3207,100
417,3055,95
418,2912,91
419,2775,86
420,2646,82
421,2523,78
422,2405,75
423,2292,71
424,2187,68
425,2083,65
426,1987,62
427,1897,59
428,1808,56
429,1726,53
430,1645,51
431,1572,49
432,1497,46
433,1429,44
434,1358,42
435,1302,40
436,1240,38
437,1185,37
438,1129,35
439,1079,33
440,1027,32
441,982,30
442,936,29
443,894,27
444,851,26
445,925,28
446,1119,34
447,1303,40
448,1470,45
449,1637,51
450,1791,55
451,1937,60
452,2077,64
453,2208,69
454,2332,72
455,2453,76
456,2565,80
457,2677,83
458,2775,86
459,2877,89
460,2969,92
461,3057,95
462,3140,98
463,3221,100
464,3297,103
465,3370,105
466,3437,107
467,3505,109
468,3568,111
469,3629,113
470,3687,115
471,3742,116
472,3794,118
473,3844,120
474,3895,121
475,3935,122
476,3978,124
477,4022,125
478,4030,125
479,3835,119
480,3647,113
481,3473,108
482,3311,103
483,3153,98
484,3007,93
485,2864,89
486,2731,85
487,2602,81
488,2482,77
489,2367,73
490,2256,70
491,2151,67
492,2054,64
493,1956,61
494,1868,58
495,1780,55
496,1698,53
497,1620,50
498,1545,48
499,1475,46
0,984,30
1,1172,36
2,1353,42
3,1523,47
4,1683,52
5,1836,57
6,1979,61
7,2116,66
8,2244,70
9,2370,74
10,2485,77
11,2601,81
12,2706,84
13,2808,87
14,2901,90
15,2996,93
16,3080,96
17,3167,98
18,3244,101
19,3321,103
20,3390,105
21,3459,108
22,3523,110
23,3588,112
24,3646,113
25,3704,115
26,3755,117
27,3811,119
28,3856,120
29,3904,122
30,3945,123
31,3992,124
32,4030,125
33,3970,124
34,3779,118
35,3594,112
36,3425,107
37,3263,101
38,3105,97
39,2962,92
40,2824,88
41,2692,84
42,2567,80
43,2448,76
44,2332,72
45,2221,69
46,2121,66
47,2022,63
48,1930,60
49,1839,57
50,1757,54
51,1674,52
52,1599,49
53,1523,47
54,1452,45
55,1386,43
56,1323,41
57,1261,39
58,1206,37
59,1150,35
60,1096,34
61,1045,32
62,1000,31
63,951,29
64,909,28
65,867,27
66,853,26
67,1049,32
68,1239,38
69,1412,44
70,1579,49
71,1736,54
72,1884,58
73,2025,63
74,2161,67
75,2290,71
76,2411,75
77,2525,78
78,2636,82
79,2740,85
80,2841,88
81,2934,91
82,3026,94
83,3111,97
84,3193,99
85,3272,102
86,3345,104
87,3414,106
88,3482,108
89,3546,110
90,3608,112
91,3665,114
92,3723,116
93,3775,117
94,3826,119
95,3873,121
96,3918,122
97,3963,123
98,4002,125
99,4044,126
100,3903,121
101,3713,116
102,3537,110
103,3365,105
104,3207,100
105,3059,95
106,2913,91
107,2780,86
108,2650,82
109,2527,78
110,2409,75
111,2297,71
112,2188,68
113,2087,65
114,1989,62
115,1900,59
116,1812,56
117,1728,54
118,1644,51
119,1572,49
120,1498,46
121,1431,44
122,1363,42
123,1302,40
124,1242,38
125,1187,37
126,1130,35
127,1082,33
128,1028,32
129,983,30
130,937,29
131,895,27
132,853,26
133,921,28
134,1115,34
135,1300,40
136,1471,45
137,1634,51
138,1788,55
139,1936,60
140,2073,64
141,2206,68
142,2330,72
143,2453,76
144,2565,80
145,2674,83
146,2775,86
147,2873,89
148,2965,92
149,3057,95
150,3142,98
151,3222,100
152,3297,103
153,3369,105
154,3438,107
155,3505,109
156,3568,111
157,3628,113
158,3685,115
159,3743,116
160,3793,118
161,3843,120
162,3887,121
163,3935,122
164,3977,124
165,4019,125
166,4032,126
167,3836,119
168,3652,114
169,3475,108
170,3315,103
171,3157,98
172,3008,94
173,2866,89
174,2734,85
175,2606,81
176,2487,77
177,2367,73
178,2260,70
179,2154,67
180,2054,64
181,1956,61
182,1868,58
183,1782,55
184,1701,53
185,1622,50
186,1546,48
187,1480,46
188,1408,44
189,1342,41
190,1281,40
191,1222,38
192,1166,36
193,1112,34
194,1063,33
195,1012,31
196,968,30
197,923,28
198,881,27
199,840,26
200,988,30
201,1182,36
202,1358,42
203,1528,47
204,1688,52
205,1839,57
206,1984,62
207,2119,66
208,2253,70
209,2371,74
210,2489,77
211,2602,81
212,2708,84
213,2809,87
214,2907,90
215,2996,93
216,3084,96
217,3167,98
218,3246,101
219,3321,103
220,3393,106
221,3462,108
222,3527,110
223,3589,112
224,3648,114
225,3704,115
226,3758,117
227,3813,119
228,3860,120
229,3905,122
230,3950,123
231,3991,124
232,4032,126
233,3964,123
234,3775,117
235,3592,112
236,3420,106
237,3261,101
238,3107,97
239,2959,92
240,2820,88
241,2690,84
242,2564,80
243,2445,76
244,2332,72
245,2219,69
246,2119,66
247,2021,63
248,1927,60
249,1840,57
250,1753,54
251,1674,52
252,1593,49
253,1523,47
254,1453,45
255,1386,43
256,1321,41
257,1260,39
258,1201,37
259,1152,36
260,1096,34
261,1045,32
262,1000,31
263,952,29
264,908,28
265,868,27
266,854,26
267,1053,32
268,1241,38
269,1416,44
270,1581,49
271,1739,54
272,1887,58
273,2027,63
274,2162,67
275,2290,71
276,2411,75
277,2527,78
278,2638,82
279,2744,85
280,2843,88
281,2937,91
282,3027,94
283,3112,97
284,3192,99
285,3274,102
286,3345,104
287,3416,106
288,3484,108
289,3547,110
290,3608,112
291,3666,114
292,3722,116
293,3776,118
294,3825,119
295,3874,121
296,3919,122
297,3964,123
298,4005,125
299,4045,126
300,3898,121
301,3713,116
302,3534,110
303,3364,105
304,3208,100
305,3056,95
306,2913,91
307,2777,86
308,2648,82
309,2524,78
310,2407,75
311,2295,71
312,2190,68
313,2086,65
314,1990,62
315,1898,59
316,1811,56
317,1725,53
318,1649,51
319,1571,49
320,1500,46
321,1430,44
322,1364,42
323,1300,40
324,1243,38
325,1183,36
326,1132,35
327,1077,33
328,1032,32
329,981,30
330,938,29
331,895,27
332,853,26
333,923,28
334,1117,34
335,1299,40
336,1473,46
337,1635,51
338,1791,55
339,1936,60
340,2074,64
341,2205,68
342,2331,72
343,2452,76
344,2564,80
345,2674,83
346,2778,86
347,2873,89
348,2967,92
349,3055,95
350,3138,98
351,3220,100
352,3297,103
353,3369,105
354,3440,107
355,3505,109
356,3569,111
357,3627,113
358,3687,115
359,3740,116
360,3792,118
361,3840,120
362,3891,121
363,3934,122
364,3980,124
365,4019,125
366,4034,126
367,3835,119
368,3649,114
369,3476,108
370,3312,103
371,3156,98
372,3008,94
373,2868,89
374,2732,85
375,2605,81
376,2483,77
377,2368,74
378,2258,70
379,2154,67
380,2056,64
381,1959,61
382,1868,58
383,1782,55
384,1698,53
385,1621,50
386,1546,48
387,1473,46
388,1407,43
389,1343,41
390,1280,40
391,1223,38
392,1165,36
393,1112,34
394,1060,33
395,1014,31
396,966,30
397,922,28
398,881,27
399,841,26
400,988,30
401,1182,36
402,1357,42
403,1529,47
404,1689,52
405,1839,57
406,1980,61
407,2120,66
408,2256,70
409,2374,74
410,2490,77
411,2603,81
412,2708,84
413,2812,87
414,2905,90
415,2998,93
416,3083,96
417,3166,98
418,3245,101
419,3322,103
420,3392,106
421,3462,108
422,3528,110
423,3589,112
424,3647,113
425,3707,115
426,3759,117
427,3815,119
428,3859,120
429,3905,122
430,3950,123
431,3993,124
432,4030,125
433,3965,123
434,3774,117
435,3588,112
436,3420,106
437,3258,101
438,3105,97
439,2959,92
440,2822,88
441,2689,84
442,2564,80
443,2445,76
444,2330,72
445,2224,69
446,2117,66
447,2019,63
448,1928,60
449,1837,57
450,1755,54
451,1670,52
452,1596,49
453,1521,47
454,1451,45
455,1385,43
456,1323,41
457,1262,39
458,1203,37
459,1148,35
460,1094,34
461,1044,32
462,997,31
463,951,29
464,909,28
465,866,27
466,856,26
467,1055,32
468,1242,38
469,1417,44
470,1582,49
471,1740,54
472,1890,59
473,2030,63
474,2165,67
475,2292,71
476,2414,75
477,2528,79
478,2638,82
479,2743,85
480,2843,88
481,2936,91
482,3026,94
483,3112,97
484,3196,99
485,3273,102
486,3348,104
487,3417,106
488,3484,108
489,3547,110
490,3608,112
491,3666,114
492,3724,116
493,3775,117
494,3829,119
495,3874,121
496,3921,122
497,3963,123
498,4007,125
499,4046,126
0,1316,41
1,1259,39
2,1204,37
3,1145,35
4,1091,34
5,1044,32
6,995,31
7,951,29
8,906,28
9,866,27
10,858,26
11,1060,33
12,1243,38
13,1422,44
14,1587,49
15,1745,54
16,1891,59
17,2033,63
18,2166,67
19,2295,71
20,2414,75
21,2533,79
22,2640,82
23,2747,85
24,2846,88
25,2940,91
26,3029,94
27,3116,97
28,3195,99
29,3275,102
30,3346,104
31,3420,106
32,3484,108
33,3551,110
34,3611,112
35,3669,114
36,3721,116
37,3776,118
38,3828,119
39,3876,121
40,3923,122
41,3966,123
42,4007,125
43,4047,126
44,3891,121
45,3705,115
46,3524,110
47,3360,105
48,3202,100
49,3052,95
50,2908,90
51,2773,86
52,2644,82
53,2521,78
54,2402,75
55,2292,71
56,2182,68
57,2085,65
58,1987,62
59,1894,59
60,1807,56
61,1723,53
62,1643,51
63,1569,49
64,1495,46
65,1428,44
66,1362,42
67,1300,40
68,1240,38
69,1184,37
70,1129,35
71,1077,33
72,1025,32
73,981,30
74,935,29
75,894,27
76,852,26
77,928,29
78,1124,35
79,1307,40
80,1477,46
81,1642,51
82,1794,56
83,1941,60
84,2079,64
85,2212,69
86,2336,73
87,2456,76
88,2570,80
89,2679,83
90,2779,86
91,2879,89
92,2970,92
93,3058,95
94,3145,98
95,3221,100
96,3298,103
97,3372,105
98,3440,107
99,3509,109
100,3570,111
101,3633,113
102,3687,115
103,3742,116
104,3792,118
105,3844,120
106,3892,121
107,3937,123
108,3979,124
109,4021,125
110,4026,125
111,3827,119
112,3648,114
113,3468,108
114,3306,103
115,3150,98
116,3003,93
117,2862,89
118,2729,85
119,2600,81
120,2480,77
121,2363,73
122,2253,70
123,2149,67
124,2050,64
125,1955,61
126,1865,58
127,1777,55
128,1696,53
129,1619,50
130,1544,48
131,1473,46
132,1405,43
133,1342,41
134,1279,39
135,1221,38
136,1163,36
137,1110,34
138,1059,33
139,1010,31
140,964,30
141,922,28
142,879,27
143,838,26
144,997,31
145,1186,37
146,1364,42
147,1533,47
148,1694,52
149,1844,57
150,1988,62
151,2124,66
152,2255,70
153,2377,74
154,2494,77
155,2605,81
156,2713,84
157,2814,87
158,2910,90
159,3001,93
160,3087,96
161,3169,99
162,3249,101
163,3325,103
164,3394,106
165,3464,108
166,3530,110
167,3591,112
168,3651,114
169,3706,115
170,3760,117
171,3813,119
172,3860,120
173,3907,122
174,3953,123
175,3993,124
176,4035,126
177,3956,123
178,3763,117
179,3584,112
180,3412,106
181,3254,101
182,3099,96
183,2954,92
184,2817,88
185,2685,83
186,2560,80
187,2440,76
188,2326,72
189,2218,69
190,2115,66
191,2018,63
192,1925,60
193,1836,57
194,1750,54
195,1670,52
196,1593,49
197,1519,47
198,1450,45
199,1384,43
200,1320,41
201,1261,39
202,1201,37
203,1146,35
204,1092,34
205,1044,32
206,994,31
207,951,29
208,907,28
209,866,27
210,863,26
211,1062,33
212,1247,38
213,1423,44
214,1587,49
215,1747,54
216,1892,59
217,2036,63
218,2168,67
219,2296,71
220,2416,75
221,2533,79
222,2643,82
223,2748,85
224,2846,88
225,2941,91
226,3029,94
227,3115,97
228,3197,99
229,3274,102
230,3348,104
231,3418,106
232,3487,108
233,3550,110
234,3610,112
235,3669,114
236,3725,116
237,3778,118
238,3828,119
239,3877,121
240,3922,122
241,3965,123
242,4007,125
243,4048,126
244,3890,121
245,3704,115
246,3527,110
247,3358,104
248,3199,99
249,3050,95
250,2908,90
251,2771,86
252,2641,82
253,2520,78
254,2404,75
255,2291,71
256,2184,68
257,2083,65
258,1987,62
259,1894,59
260,1807,56
261,1721,53
262,1643,51
263,1567,48
264,1495,46
265,1426,44
266,1361,42
267,1298,40
268,1240,38
269,1182,36
270,1129,35
271,1078,33
272,1027,32
273,980,30
274,937,29
275,893,27
276,852,26
277,929,29
278,1125,35
279,1307,40
280,1478,46
281,1641,51
282,1797,56
283,1941,60
284,2080,65
285,2211,69
286,2337,73
287,2455,76
288,2570,80
289,2678,83
290,2782,86
291,2878,89
292,2972,92
293,3061,95
294,3146,98
295,3224,100
296,3299,103
297,3371,105
298,3442,107
299,3508,109
300,3571,111
301,3630,113
302,3688,115
303,3743,116
304,3795,118
305,3844,120
306,3891,121
307,3936,123
308,3980,124
309,4021,125
310,4024,125
311,3827,119
312,3643,113
313,3470,108
314,3306,103
315,3150,98
316,3000,93
317,2860,89
318,2728,85
319,2603,81
320,2480,77
321,2365,73
322,2254,70
323,2149,67
324,2049,64
325,1954,61
326,1863,58
327,1777,55
328,1694,52
329,1619,50
330,1542,48
331,1471,45
332,1404,43
333,1339,41
334,1279,39
335,1223,38
336,1164,36
337,1113,34
338,1060,33
339,1013,31
340,964,30
341,922,28
342,879,27
343,839,26
344,997,31
345,1188,37
346,1364,42
347,1534,47
348,1693,52
349,1846,57
350,1988,62
351,2126,66
352,2254,70
353,2377,74
354,2494,77
355,2606,81
356,2710,84
357,2814,87
358,2908,90
359,3001,93
360,3088,96
361,3172,99
362,3248,101
363,3326,103
364,3392,106
365,3462,108
366,3527,110
367,3592,112
368,3650,114
369,3707,115
370,3760,117
371,3813,119
372,3860,120
373,3908,122
374,3951,123
375,3995,124
376,4034,126
377,3957,123
378,3764,117
379,3580,111
380,3413,106
381,3252,101
382,3099,96
383,2954,92
384,2816,88
385,2686,83
386,2560,80
387,2439,76
388,2327,72
389,2217,69
390,2115,66
391,2016,63
392,1925,60
393,1833,57
394,1752,54
395,1669,52
396,1594,49
397,1519,47
398,1449,45
399,1382,43
400,1321,41
401,1261,39
402,1202,37
403,1146,35
404,1094,34
405,1042,32
406,995,31
407,951,29
408,906,28
409,867,27
410,864,27
411,1059,33
412,1247,38
413,1421,44
414,1588,49
415,1745,54
416,1891,59
417,2034,63
418,2170,67
419,2295,71
420,2418,75
421,2532,79
422,2642,82
423,2748,85
424,2846,88
425,2942,91
426,3031,94
427,3116,97
428,3196,99
429,3274,102
430,3350,104
431,3418,106
432,3487,108
433,3549,110
434,3611,112
435,3670,114
436,3725,116
437,3776,118
438,3829,119
439,3876,121
440,3923,122
441,3967,123
442,4007,125
443,4047,126
444,3890,121
445,3704,115
446,3528,110
447,3359,104
448,3201,100
449,3051,95
450,2909,90
451,2772,86
452,2640,82
453,2519,78
454,2401,75
455,2290,71
456,2183,68
457,2083,65
458,1986,62
459,1894,59
460,1805,56
461,1723,53
462,1643,51
463,1570,49
464,1497,46
465,1427,44
466,1362,42
467,1299,40
468,1240,38
469,1183,36
470,1129,35
471,1077,33
472,1027,32
473,981,30
474,935,29
475,894,27
476,852,26
477,930,29
478,1123,35
479,1306,40
480,1480,46
481,1642,51
482,1794,56
483,1941,60
484,2079,64
485,2213,69
486,2336,73
487,2457,76
488,2570,80
489,2678,83
490,2781,86
491,2879,89
492,2970,92
493,3060,95
494,3144,98
495,3224,100
496,3300,103
497,3374,105
498,3441,107
499,3507,109
0,3948,123
1,3991,124
2,4031,125
3,3976,124
4,3783,118
5,3602,112
6,3428,107
7,3266,102
8,3116,97
9,2966,92
10,2828,88
11,2696,84
12,2570,80
13,2450,76
14,2336,73
15,2229,69
16,2124,66
17,2028,63
18,1933,60
19,1845,57
20,1757,54
21,1676,52
22,1599,49
23,1525,47
24,1456,45
25,1389,43
26,1324,41
27,1266,39
28,1206,37
29,1152,36
30,1098,34
31,1048,32
32,1000,31
33,959,29
34,910,28
35,867,27
36,843,26
37,1043,32
38,1230,38
39,1406,43
40,1575,49
41,1730,54
42,1878,58
43,2021,63
44,2154,67
45,2284,71
46,2406,75
47,2522,78
48,2632,82
49,2737,85
50,2836,88
51,2932,91
52,3022,94
53,3108,97
54,3189,99
55,3268,102
56,3342,104
57,3411,106
58,3480,108
59,3548,110
60,3604,112
61,3664,114
62,3719,116
63,3774,117
64,3823,119
65,3871,120
66,3913,122
67,3961,123
68,4004,125
69,4045,126
70,3910,122
71,3720,116
72,3545,110
73,3373,105
74,3217,100
75,3064,95
76,2920,91
77,2784,87
78,2655,82
79,2532,79
80,2414,75
81,2301,71
82,2193,68
83,2091,65
84,1994,62
85,1902,59
86,1816,56
87,1732,54
88,1652,51
89,1575,49
90,1503,46
91,1432,44
92,1368,42
93,1305,40
94,1248,39
95,1188,37
96,1134,35
97,1081,33
98,1033,32
99,986,30
100,939,29
101,896,28
102,856,26
103,910,28
104,1105,34
105,1289,40
106,1462,45
107,1625,50
108,1783,55
109,1926,60
110,2068,64
111,2198,68
112,2326,72
113,2443,76
114,2559,79
115,2668,83
116,2772,86
117,2868,89
118,2962,92
119,3051,95
120,3135,97
121,3214,100
122,3292,102
123,3365,105
124,3436,107
125,3501,109
126,3564,111
127,3624,113
128,3685,115
129,3738,116
130,3790,118
131,3838,119
132,3888,121
133,3932,122
134,3977,124
135,4017,125
136,4047,126
137,3844,120
138,3661,114
139,3485,108
140,3321,103
141,3164,98
142,3016,94
143,2875,89
144,2741,85
145,2614,81
146,2492,77
147,2373,74
148,2263,70
149,2160,67
150,2058,64
151,1961,61
152,1868,58
153,1788,55
154,1703,53
155,1626,50
156,1551,48
157,1478,46
158,1412,44
159,1347,42
160,1285,40
161,1225,38
162,1171,36
163,1116,34
164,1065,33
165,1015,31
166,965,30
167,923,28
168,881,27
169,842,26
170,979,30
171,1170,36
172,1348,42
173,1520,47
174,1679,52
175,1831,57
176,1976,61
177,2112,66
178,2242,70
179,2365,73
180,2486,77
181,2596,81
182,2704,84
183,2804,87
184,2900,90
185,2991,93
186,3080,96
187,3163,98
188,3242,101
189,3317,103
190,3389,105
191,3456,108
192,3520,110
193,3584,112
194,3646,113
195,3702,115
196,3756,117
197,3807,118
198,3855,120
199,3902,121
200,3945,123
201,3988,124
202,4031,125
203,3975,124
204,3783,118
205,3602,112
206,3431,107
207,3269,102
208,3112,97
209,2967,92
210,2830,88
211,2696,84
212,2572,80
213,2453,76
214,2336,73
215,2231,69
216,2125,66
217,2029,63
218,1933,60
219,1843,57
220,1757,54
221,1676,52
222,1599,49
223,1527,47
224,1456,45
225,1389,43
226,1326,41
227,1265,39
228,1207,37
229,1151,35
230,1097,34
231,1051,32
232,999,31
233,955,29
234,910,28
235,869,27
236,842,26
237,1043,32
238,1229,38
239,1406,43
240,1572,49
241,1730,54
242,1878,58
243,2022,63
244,2157,67
245,2286,71
246,2405,75
247,2522,78
248,2631,82
249,2736,85
250,2837,88
251,2934,91
252,3022,94
253,3111,97
254,3190,99
255,3269,102
256,3340,104
257,3414,106
258,3480,108
259,3544,110
260,3608,112
261,3666,114
262,3720,116
263,3773,117
264,3822,119
265,3871,120
266,3917,122
267,3962,123
268,4004,125
269,4045,126
270,3909,122
271,3719,116
272,3542,110
273,3373,105
274,3215,100
275,3065,95
276,2920,91
277,2784,87
278,2652,82
279,2529,79
280,2414,75
281,2300,71
282,2194,68
283,2092,65
284,1994,62
285,1901,59
286,1813,56
287,1730,54
288,1650,51
289,1576,49
290,1503,46
291,1432,44
292,1368,42
293,1306,40
294,1239,38
295,1187,37
296,1136,35
297,1081,33
298,1033,32
299,985,30
300,939,29
301,895,27
302,857,26
303,910,28
304,1107,34
305,1289,40
306,1462,45
307,1627,50
308,1784,55
309,1928,60
310,2065,64
311,2199,68
312,2325,72
313,2445,76
314,2559,79
315,2669,83
316,2771,86
317,2868,89
318,2962,92
319,3052,95
320,3137,98
321,3219,100
322,3294,102
323,3365,105
324,3436,107
325,3501,109
326,3564,111
327,3625,113
328,3682,115
329,3737,116
330,3791,118
331,3839,119
332,3888,121
333,3934,122
334,3976,124
335,4017,125
336,4043,126
337,3845,120
338,3659,114
339,3484,108
340,3320,103
341,3164,98
342,3012,94
343,2873,89
344,2740,85
345,2613,81
346,2490,77
347,2374,74
348,2265,70
349,2159,67
350,2058,64
351,1962,61
352,1873,58
353,1785,55
354,1704,53
355,1624,50
356,1550,48
357,1478,46
358,1410,44
359,1346,42
360,1283,40
361,1223,38
362,1170,36
363,1116,34
364,1065,33
365,1016,31
366,968,30
367,926,28
368,883,27
369,843,26
370,979,30
371,1170,36
372,1349,42
373,1518,47
374,1680,52
375,1832,57
376,1977,61
377,2112,66
378,2242,70
379,2365,73
380,2483,77
381,2596,81
382,2704,84
383,2806,87
384,2902,90
385,2993,93
386,3081,96
387,3162,98
388,3241,101
389,3318,103
390,3390,105
391,3458,108
392,3521,110
393,3584,112
394,3647,113
395,3702,115
396,3762,117
397,3806,118
398,3856,120
399,3905,122
400,3948,123
401,3989,124
402,4032,126
403,3974,124
404,3783,118
405,3600,112
406,3428,107
407,3267,102
408,3114,97
409,2968,92
410,2831,88
411,2698,84
412,2570,80
413,2450,76
414,2337,73
415,2229,69
416,2125,66
417,2026,63
418,1933,60
419,1842,57
420,1758,54
421,1676,52
422,1599,49
423,1527,47
424,1456,45
425,1389,43
426,1325,41
427,1265,39
428,1206,37
429,1151,35
430,1100,34
431,1050,32
432,999,31
433,954,29
434,909,28
435,870,27
436,843,26
437,1044,32
438,1230,38
439,1408,44
440,1573,49
441,1731,54
442,1880,58
443,2022,63
444,2156,67
445,2285,71
446,2407,75
447,2522,78
448,2631,82
449,2738,85
450,2837,88
451,2932,91
452,3022,94
453,3109,97
454,3190,99
455,3269,102
456,3341,104
457,3416,106
458,3479,108
459,3542,110
460,3605,112
461,3664,114
462,3719,116
463,3773,117
464,3823,119
465,3871,120
466,3916,122
467,3961,123
468,4002,125
469,4043,126
470,3909,122
471,3723,116
472,3543,110
473,3376,105
474,3216,100
475,3066,95
476,2921,91
477,2784,87
478,2653,82
479,2531,79
480,2413,75
481,2302,71
482,2195,68
483,2091,65
484,1994,62
485,1900,59
486,1815,56
487,1730,54
488,1653,51
489,1575,49
490,1504,47
491,1432,44
492,1368,42
493,1304,40
494,1248,39
495,1187,37
496,1134,35
497,1082,33
498,1030,32
499,985,30
0,2104,65
1,2234,69
2,2359,73
3,2477,77
4,2590,80
5,2697,84
6,2798,87
7,2896,90
8,2986,93
9,3074,96
10,3158,98
11,3238,101
12,3313,103
13,3388,105
14,3454,107
15,3518,109
16,3583,111
17,3644,113
18,3699,115
19,3752,117
20,3804,118
21,3853,120
22,3902,121
23,3946,123
24,3986,124
25,4028,125
26,3984,124
27,3794,118
28,3613,112
29,3438,107
30,3277,102
31,3120,97
32,2977,93
33,2837,88
34,2705,84
35,2579,80
36,2456,76
37,2342,73
38,2233,69
39,2131,66
40,2032,63
41,1936,60
42,1849,57
43,1761,55
44,1681,52
45,1605,50
46,1531,47
47,1457,45
48,1393,43
49,1327,41
50,1268,39
51,1208,37
52,1154,36
53,1100,34
54,1052,32
55,1002,31
56,958,29
57,912,28
58,871,27
59,831,25
60,1032,32
61,1220,38
62,1396,43
63,1563,48
64,1722,53
65,1871,58
66,2014,62
67,2147,67
68,2280,71
69,2399,74
70,2516,78
71,2626,82
72,2731,85
73,2832,88
74,2927,91
75,3016,94
76,3104,97
77,3183,99
78,3263,101
79,3337,104
80,3408,106
81,3476,108
82,3540,110
83,3601,112
84,3660,114
85,3716,116
86,3772,117
87,3823,119
88,3869,120
89,3914,122
90,3958,123
91,4000,125
92,4040,126
93,3920,122
94,3732,116
95,3553,111
96,3384,105
97,3226,100
98,3073,96
99,2930,91
100,2792,87
101,2663,83
102,2539,79
103,2421,75
104,2307,72
105,2202,68
106,2099,65
107,1999,62
108,1906,59
109,1818,56
110,1736,54
111,1656,51
112,1581,49
113,1508,47
114,1437,44
115,1370,42
116,1310,40
117,1248,39
118,1191,37
119,1136,35
120,1083,33
121,1034,32
122,985,30
123,940,29
124,899,28
125,858,26
126,899,28
127,1097,34
128,1280,40
129,1454,45
130,1616,50
131,1773,55
132,1921,60
133,2059,64
134,2192,68
135,2318,72
136,2440,76
137,2555,79
138,2661,83
139,2767,86
140,2863,89
141,2957,92
142,3046,95
143,3130,97
144,3212,100
145,3292,102
146,3360,105
147,3433,107
148,3498,109
149,3562,111
150,3620,113
151,3678,114
152,3730,116
153,3788,118
154,3837,119
155,3884,121
156,3932,122
157,3973,124
158,4014,125
159,4055,126
160,3858,120
161,3673,114
162,3495,109
163,3331,104
164,3173,99
165,3023,94
166,2884,90
167,2747,85
168,2619,81
169,2496,78
170,2383,74
171,2270,70
172,2166,67
173,2065,64
174,1970,61
175,1879,58
176,1791,55
177,1708,53
178,1628,50
179,1554,48
180,1483,46
181,1413,44
182,1349,42
183,1289,40
184,1231,38
185,1173,36
186,1119,34
187,1069,33
188,1020,31
189,971,30
190,929,29
191,883,27
192,845,26
193,963,30
194,1157,36
195,1338,41
196,1507,47
197,1667,52
198,1822,56
199,1964,61
200,2104,65
201,2233,69
202,2359,73
203,2475,77
204,2590,80
205,2694,84
206,2799,87
207,2892,90
208,2986,93
209,3074,96
210,3158,98
211,3236,101
212,3312,103
213,3385,105
214,3454,107
215,3518,109
216,3580,111
217,3640,113
218,3698,115
219,3750,117
220,3805,118
221,3852,120
222,3899,121
223,3944,123
224,3984,124
225,4028,125
226,3990,124
227,3795,118
228,3618,113
229,3442,107
230,3278,102
231,3124,97
232,2976,93
233,2837,88
234,2705,84
235,2582,80
236,2459,76
237,2343,73
238,2235,69
239,2133,66
240,2032,63
241,1939,60
242,1851,57
243,1764,55
244,1683,52
245,1604,50
246,1531,47
247,1461,45
248,1393,43
249,1330,41
250,1268,39
251,1212,37
252,1155,36
253,1101,34
254,1050,32
255,1003,31
256,958,29
257,913,28
258,872,27
259,831,25
260,1029,32
261,1218,38
262,1394,43
263,1561,48
264,1720,53
265,1869,58
266,2012,62
267,2146,67
268,2277,71
269,2398,74
270,2514,78
271,2624,82
272,2729,85
273,2831,88
274,2924,91
275,3019,94
276,3100,96
277,3184,99
278,3261,101
279,3337,104
280,3406,106
281,3476,108
282,3538,110
283,3602,112
284,3659,114
285,3715,116
286,3767,117
287,3821,119
288,3868,120
289,3914,122
290,3957,123
291,4000,125
292,4040,126
293,3925,122
294,3734,116
295,3555,111
296,3387,105
297,3227,100
298,3073,96
299,2930,91
300,2794,87
301,2663,83
302,2540,79
303,2421,75
304,2309,72
305,2201,68
306,2099,65
307,1999,62
308,1909,59
309,1819,56
310,1736,54
311,1657,51
312,1580,49
313,1509,47
314,1440,45
315,1372,42
316,1311,40
317,1249,39
318,1191,37
319,1139,35
320,1085,33
321,1033,32
322,988,30
323,942,29
324,900,28
325,858,26
326,897,28
327,1091,34
328,1277,39
329,1449,45
330,1615,50
331,1769,55
332,1916,59
333,2056,64
334,2190,68
335,2315,72
336,2436,76
337,2550,79
338,2660,83
339,2763,86
340,2861,89
341,2954,92
342,3043,95
343,3128,97
344,3210,100
345,3286,102
346,3360,105
347,3430,107
348,3496,109
349,3559,111
350,3619,113
351,3677,114
352,3734,116
353,3786,118
354,3836,119
355,3884,121
356,3931,122
357,3973,124
358,4015,125
359,4053,126
360,3860,120
361,3676,114
362,3500,109
363,3334,104
364,3176,99
365,3027,94
366,2887,90
367,2751,85
368,2622,81
369,2498,78
370,2382,74
371,2273,71
372,2167,67
373,2066,64
374,1972,61
375,1880,58
376,1793,56
377,1711,53
378,1631,50
379,1556,48
380,1485,46
381,1418,44
382,1351,42
383,1290,40
384,1231,38
385,1174,36
386,1119,34
387,1069,33
388,1019,31
389,973,30
390,928,29
391,886,27
392,846,26
393,962,30
394,1153,36
395,1334,41
396,1504,47
397,1666,52
398,1818,56
399,1965,61
400,2101,65
401,2233,69
402,2357,73
403,2475,77
404,2588,80
405,2694,84
406,2796,87
407,2892,90
408,2984,93
409,3072,96
410,3156,98
411,3236,101
412,3310,103
413,3383,105
414,3452,107
415,3518,109
416,3580,111
417,3639,113
418,3697,115
419,3751,117
420,3802,118
421,3852,120
422,3898,121
423,3942,123
424,3986,124
425,4029,125
426,3991,124
427,3798,118
428,3614,112
429,3443,107
430,3281,102
431,3126,97
432,2980,93
433,2840,88
434,2708,84
435,2582,80
436,2462,76
437,2346,73
438,2237,69
439,2133,66
440,2034,63
441,1940,60
442,1851,57
443,1765,55
444,1685,52
445,1605,50
446,1532,47
447,1461,45
448,1396,43
449,1330,41
450,1271,39
451,1211,37
452,1157,36
453,1104,34
454,1051,32
455,1005,31
456,958,29
457,914,28
458,873,27
459,833,26
460,1026,32
461,1213,37
462,1393,43
463,1558,48
464,1716,53
465,1866,58
466,2008,62
467,2144,67
468,2274,71
469,2395,74
470,2512,78
471,2623,81
472,2730,85
473,2829,88
474,2924,91
475,3013,94
476,3102,96
477,3183,99
478,3262,101
479,3333,104
480,3405,106
481,3472,108
482,3538,110
483,3598,112
484,3660,114
485,3713,116
486,3769,117
487,3819,119
488,3866,120
489,3914,122
490,3958,123
491,4000,125
492,4041,126
493,3928,122
494,3738,116
495,3558,111
496,3390,105
497,3230,100
498,3077,96
499,2934,91
0,2727,85
1,2824,88
2,2923,91
3,3011,94
4,3100,96
5,3179,99
6,3260,101
7,3333,104
8,3406,106
9,3472,108
10,3538,110
11,3599,112
12,3659,114
13,3714,116
14,3768,117
15,3816,119
16,3870,120
17,3912,122
18,3957,123
19,3997,124
20,4040,126
21,3931,122
22,3742,116
23,3562,111
24,3391,105
25,3231,100
26,3081,96
27,2936,91
28,2798,87
29,2669,83
30,2545,79
31,2426,75
32,2312,72
33,2203,68
34,2103,65
35,2004,62
36,1913,59
37,1824,57
38,1740,54
39,1659,51
40,1583,49
41,1511,47
42,1441,45
43,1377,43
44,1311,40
45,1252,39
46,1193,37
47,1139,35
48,1088,34
49,1037,32
50,989,30
51,945,29
52,902,28
53,859,26
54,889,27
55,1087,33
56,1272,39
57,1443,45
58,1608,50
59,1764,55
60,1913,59
61,2053,64
62,2185,68
63,2312,72
64,2432,76
65,2547,79
66,2656,83
67,2761,86
68,2859,89
69,2953,92
70,3042,95
71,3127,97
72,3208,100
73,3285,102
74,3357,104
75,3427,107
76,3494,109
77,3557,111
78,3618,113
79,3676,114
80,3732,116
81,3784,118
82,3836,119
83,3884,121
84,3928,122
85,3972,124
86,4013,125
87,4054,126
88,3865,120
89,3680,115
90,3503,109
91,3337,104
92,3177,99
93,3030,94
94,2888,90
95,2753,86
96,2626,82
97,2502,78
98,2386,74
99,2275,71
100,2170,67
101,2069,64
102,1974,61
103,1882,58
104,1794,56
105,1705,53
106,1634,51
107,1557,48
108,1487,46
109,1416,44
110,1353,42
111,1289,40
112,1231,38
113,1175,36
114,1121,35
115,1069,33
116,1020,31
117,973,30
118,930,29
119,880,27
120,848,26
121,956,29
122,1150,35
123,1331,41
124,1502,46
125,1661,51
126,1816,56
127,1959,61
128,2098,65
129,2228,69
130,2353,73
131,2471,77
132,2586,80
133,2691,84
134,2795,87
135,2890,90
136,2983,93
137,3070,95
138,3155,98
139,3234,101
140,3311,103
141,3381,105
142,3450,107
143,3516,109
144,3579,111
145,3640,113
146,3696,115
147,3748,117
148,3804,118
149,3852,120
150,3899,121
151,3942,123
152,3986,124
153,4027,125
154,3998,124
155,3801,118
156,3621,113
157,3445,107
158,3282,102
159,3128,97
160,2981,93
161,2842,88
162,2709,84
163,2584,80
164,2461,76
165,2349,73
166,2240,70
167,2135,66
168,2036,63
169,1941,60
170,1853,57
171,1766,55
172,1684,52
173,1605,50
174,1533,47
175,1462,45
176,1395,43
177,1332,41
178,1271,39
179,1213,37
180,1157,36
181,1104,34
182,1053,32
183,1006,31
184,961,30
185,916,28
186,873,27
187,834,26
188,1023,31
189,1212,37
190,1388,43
191,1558,48
192,1716,53
193,1866,58
194,2010,62
195,2143,66
196,2271,70
197,2392,74
198,2510,78
199,2623,81
200,2726,85
201,2828,88
202,2921,91
203,3015,94
204,3099,96
205,3182,99
206,3260,101
207,3335,104
208,3406,106
209,3476,108
210,3538,110
211,3599,112
212,3656,114
213,3714,116
214,3767,117
215,3818,119
216,3866,120
217,3913,122
218,3956,123
219,4002,125
220,4039,126
221,3929,122
222,3738,116
223,3559,111
224,3391,105
225,3230,100
226,3078,96
227,2935,91
228,2799,87
229,2668,83
230,2542,79
231,2425,75
232,2311,72
233,2204,68
234,2101,65
235,2004,62
236,1912,59
237,1822,56
238,1739,54
239,1658,51
240,1584,49
241,1508,47
242,1440,45
243,1373,42
244,1311,40
245,1249,39
246,1194,37
247,1139,35
248,1086,33
249,1036,32
250,989,30
251,944,29
252,901,28
253,858,26
254,891,27
255,1087,33
256,1272,39
257,1446,45
258,1610,50
259,1766,55
260,1912,59
261,2054,64
262,2188,68
263,2311,72
264,2434,76
265,2549,79
266,2659,83
267,2758,86
268,2861,89
269,2952,92
270,3043,95
271,3127,97
272,3208,100
273,3285,102
274,3359,104
275,3427,107
276,3495,109
277,3558,111
278,3621,113
279,3678,114
280,3733,116
281,3785,118
282,3834,119
283,3881,121
284,3929,122
285,3972,124
286,4015,125
287,4052,126
288,3864,120
289,3675,114
290,3504,109
291,3336,104
292,3180,99
293,3031,94
294,2888,90
295,2755,86
296,2623,81
297,2502,78
298,2384,74
299,2275,71
300,2170,67
301,2069,64
302,1973,61
303,1883,58
304,1794,56
305,1713,53
306,1631,50
307,1557,48
308,1485,46
309,1419,44
310,1353,42
311,1290,40
312,1231,38
313,1174,36
314,1122,35
315,1072,33
316,1020,31
317,974,30
318,929,29
319,887,27
320,847,26
321,957,29
322,1151,35
323,1332,41
324,1502,46
325,1663,51
326,1817,56
327,1962,61
328,2095,65
329,2230,69
330,2353,73
331,2472,77
332,2585,80
333,2694,84
334,2795,87
335,2894,90
336,2983,93
337,3070,95
338,3154,98
339,3234,101
340,3310,103
341,3383,105
342,3451,107
343,3517,109
344,3579,111
345,3638,113
346,3696,115
347,3750,117
348,3802,118
349,3851,120
350,3899,121
351,3943,123
352,3983,124
353,4027,125
354,3994,124
355,3800,118
356,3616,113
357,3445,107
358,3284,102
359,3128,97
360,2981,93
361,2842,88
362,2710,84
363,2580,80
364,2463,76
365,2348,73
366,2237,69
367,2134,66
368,2036,63
369,1940,60
370,1852,57
371,1765,55
372,1685,52
373,1606,50
374,1533,47
375,1462,45
376,1396,43
377,1331,41
378,1271,39
379,1211,37
380,1157,36
381,1103,34
382,1054,32
383,1004,31
384,962,30
385,914,28
386,873,27
387,831,25
388,1025,32
389,1213,37
390,1390,43
391,1557,48
392,1717,53
393,1865,58
394,2009,62
395,2143,66
396,2273,71
397,2395,74
398,2511,78
399,2623,81
400,2727,85
401,2826,88
402,2922,91
403,3014,94
404,3102,96
405,3183,99
406,3261,101
407,3334,104
408,3405,106
409,3473,108
410,3541,110
411,3599,112
412,3660,114
413,3716,116
414,3768,117
415,3819,119
416,3868,120
417,3912,122
418,3958,123
419,4000,125
420,4042,126
421,3926,122
422,3738,116
423,3557,111
424,3387,105
425,3230,100
426,3077,96
427,2933,91
428,2797,87
429,2667,83
430,2541,79
431,2424,75
432,2308,72
433,2203,68
434,2100,65
435,2004,62
436,1910,59
437,1822,56
438,1738,54
439,1659,51
440,1582,49
441,1508,47
442,1438,44
443,1373,42
444,1310,40
445,1250,39
446,1194,37
447,1138,35
448,1086,33
449,1038,32
450,988,30
451,945,29
452,900,28
453,862,26
454,893,27
455,1089,34
456,1272,39
457,1446,45
458,1612,50
459,1768,55
460,1915,59
461,2056,64
462,2187,68
463,2313,72
464,2434,76
465,2549,79
466,2656,83
467,2763,86
468,2858,89
469,2953,92
470,3043,95
471,3127,97
472,3210,100
473,3285,102
474,3355,104
475,3430,107
476,3495,109
477,3559,111
478,3619,113
479,3677,114
480,3732,116
481,3784,118
482,3836,119
483,3884,121
484,3928,122
485,3974,124
486,4012,125
487,4053,126
488,3862,120
489,3678,114
490,3500,109
491,3333,104
492,3180,99
493,3029,94
494,2887,90
495,2751,85
496,2623,81
497,2500,78
498,2385,74
499,2275,71
0,3159,98
1,3014,94
2,2870,89
3,2737,85
4,2610,81
5,2486,77
6,2371,74
7,2260,70
8,2156,67
9,2055,64
10,1961,61
11,1870,58
12,1784,55
13,1702,53
14,1624,50
15,1548,48
16,1478,46
17,1408,44
18,1344,42
19,1284,40
20,1223,38
21,1167,36
22,1114,34
23,1062,33
24,1014,31
25,966,30
26,924,28
27,881,27
28,841,26
29,981,30
30,1172,36
31,1353,42
32,1522,47
33,1681,52
34,1834,57
35,1977,61
36,2115,66
37,2243,70
38,2367,73
39,2485,77
40,2598,81
41,2705,84
42,2809,87
43,2901,90
44,2996,93
45,3082,96
46,3166,98
47,3244,101
48,3319,103
49,3389,105
50,3458,108
51,3522,110
52,3586,112
53,3645,113
54,3701,115
55,3754,117
56,3808,119
57,3857,120
58,3904,122
59,3948,123
60,3990,124
61,4031,125
62,3971,124
63,3778,118
64,3595,112
65,3426,107
66,3263,101
67,3109,97
68,2963,92
69,2825,88
70,2692,84
71,2568,80
72,2446,76
73,2333,72
74,2224,69
75,2123,66
76,2023,63
77,1931,60
78,1841,57
79,1757,54
80,1676,52
81,1599,49
82,1523,47
83,1455,45
84,1386,43
85,1323,41
86,1261,39
87,1205,37
88,1151,35
89,1096,34
90,1047,32
91,999,31
92,952,29
93,907,28
94,866,27
95,849,26
96,1048,32
97,1235,38
98,1411,44
99,1578,49
100,1734,54
101,1883,58
102,2025,63
103,2160,67
104,2286,71
105,2409,75
106,2525,78
107,2634,82
108,2740,85
109,2839,88
110,2934,91
111,3024,94
112,3110,97
113,3193,99
114,3270,102
115,3343,104
116,3413,106
117,3482,108
118,3543,110
119,3609,112
120,3664,114
121,3721,116
122,3774,117
123,3826,119
124,3872,121
125,3920,122
126,3962,123
127,4005,125
128,4044,126
129,3904,122
130,3716,116
131,3538,110
132,3372,105
133,3211,100
134,3061,95
135,2917,91
136,2782,86
137,2650,82
138,2528,79
139,2409,75
140,2299,71
141,2189,68
142,2089,65
143,1990,62
144,1900,59
145,1811,56
146,1728,54
147,1649,51
148,1574,49
149,1500,46
150,1432,44
151,1365,42
152,1302,40
153,1242,38
154,1187,37
155,1131,35
156,1081,33
157,1028,32
158,983,30
159,937,29
160,895,27
161,853,26
162,914,28
163,1111,34
164,1294,40
165,1465,45
166,1631,50
167,1783,55
168,1930,60
169,2072,64
170,2202,68
171,2328,72
172,2449,76
173,2563,80
174,2672,83
175,2774,86
176,2873,89
177,2965,92
178,3054,95
179,3137,98
180,3218,100
181,3295,102
182,3366,105
183,3436,107
184,3504,109
185,3566,111
186,3628,113
187,3682,115
188,3739,116
189,3789,118
190,3841,120
191,3888,121
192,3934,122
193,3976,124
194,4018,125
195,4037,126
196,3839,119
197,3656,114
198,3480,108
199,3318,103
200,3161,98
201,3012,94
202,2871,89
203,2736,85
204,2610,81
205,2487,77
206,2372,74
207,2261,70
208,2156,67
209,2056,64
210,1960,61
211,1871,58
212,1785,55
213,1702,53
214,1623,50
215,1548,48
216,1477,46
217,1409,44
218,1344,42
219,1283,40
220,1224,38
221,1169,36
222,1114,34
223,1064,33
224,1015,31
225,968,30
226,923,28
227,884,27
228,840,26
229,982,30
230,1175,36
231,1354,42
232,1524,47
233,1683,52
234,1834,57
235,1979,61
236,2114,66
237,2246,70
238,2372,74
239,2486,77
240,2599,81
241,2707,84
242,2807,87
243,2903,90
244,2993,93
245,3082,96
246,3160,98
247,3244,101
248,3319,103
249,3391,105
250,3460,108
251,3523,110
252,3588,112
253,3648,114
254,3703,115
255,3756,117
256,3807,118
257,3858,120
258,3902,121
259,3948,123
260,3990,124
261,4032,126
262,3970,124
263,3777,118
264,3596,112
265,3424,107
266,3263,101
267,3109,97
268,2964,92
269,2822,88
270,2692,84
271,2565,80
272,2447,76
273,2335,72
274,2225,69
275,2121,66
276,2023,63
277,1929,60
278,1842,57
279,1755,54
280,1673,52
281,1598,49
282,1524,47
283,1453,45
284,1387,43
285,1322,41
286,1263,39
287,1208,37
288,1151,35
289,1096,34
290,1047,32
291,999,31
292,953,29
293,909,28
294,867,27
295,851,26
296,1050,32
297,1237,38
298,1411,44
299,1576,49
300,1735,54
301,1883,58
302,2026,63
303,2160,67
304,2288,71
305,2410,75
306,2527,78
307,2637,82
308,2739,85
309,2839,88
310,2935,91
311,3025,94
312,3111,97
313,3195,99
314,3270,102
315,3342,104
316,3415,106
317,3481,108
318,3547,110
319,3608,112
320,3667,114
321,3722,116
322,3775,117
323,3826,119
324,3873,121
325,3919,122
326,3961,123
327,4003,125
328,4045,126
329,3901,121
330,3716,116
331,3536,110
332,3367,105
333,3211,100
334,3058,95
335,2916,91
336,2780,86
337,2651,82
338,2527,78
339,2408,75
340,2296,71
341,2192,68
342,2087,65
343,1990,62
344,1900,59
345,1814,56
346,1727,53
347,1649,51
348,1572,49
349,1501,46
350,1431,44
351,1365,42
352,1302,40
353,1242,38
354,1185,37
355,1132,35
356,1080,33
357,1030,32
358,983,30
359,938,29
360,894,27
361,854,26
362,917,28
363,1114,34
364,1295,40
365,1468,45
366,1631,50
367,1785,55
368,1933,60
369,2072,64
370,2203,68
371,2330,72
372,2447,76
373,2564,80
374,2670,83
375,2773,86
376,2872,89
377,2966,92
378,3055,95
379,3138,98
380,3217,100
381,3295,102
382,3366,105
383,3438,107
384,3503,109
385,3566,111
386,3626,113
387,3686,115
388,3739,116
389,3794,118
390,3842,120
391,3890,121
392,3933,122
393,3977,124
394,4017,125
395,4036,126
396,3839,119
397,3656,114
398,3479,108
399,3314,103
400,3159,98
401,3010,94
402,2869,89
403,2736,85
404,2609,81
405,2486,77
406,2372,74
407,2260,70
408,2156,67
409,2054,64
410,1961,61
411,1869,58
412,1783,55
413,1700,53
414,1623,50
415,1547,48
416,1476,46
417,1408,44
418,1345,42
419,1282,40
420,1224,38
421,1166,36
422,1115,34
423,1063,33
424,1015,31
425,967,30
426,924,28
427,881,27
428,841,26
429,984,30
430,1174,36
431,1352,42
432,1526,47
433,1683,52
434,1836,57
435,1980,61
436,2117,66
437,2246,70
438,2371,74
439,2486,77
440,2599,81
441,2706,84
442,2806,87
443,2902,90
444,2996,93
445,3081,96
446,3166,98
447,3244,101
448,3321,103
449,3391,105
450,3459,108
451,3523,110
452,3587,112
453,3647,113
454,3704,115
455,3757,117
456,3810,119
457,3857,120
458,3906,122
459,3948,123
460,3991,124
461,4030,125
462,3969,124
463,3777,118
464,3598,112
465,3426,107
466,3263,101
467,3110,97
468,2964,92
469,2825,88
470,2693,84
471,2570,80
472,2446,76
473,2333,72
474,2225,69
475,2121,66
476,2026,63
477,1929,60
478,1841,57
479,1757,54
480,1675,52
481,1599,49
482,1523,47
483,1453,45
484,1386,43
485,1324,41
486,1263,39
487,1204,37
488,1151,35
489,1098,34
490,1047,32
491,1000,31
492,952,29
493,909,28
494,867,27
495,850,26
496,1047,32
497,1237,38
498,1411,44
499,1579,49
0,1089,34
1,1040,32
2,990,30
3,946,29
4,901,28
5,861,26
6,883,27
7,1080,33
8,1266,39
9,1441,45
10,1604,50
11,1761,55
12,1908,59
13,2048,64
14,2181,68
15,2311,72
16,2429,75
17,2545,79
18,2654,82
19,2759,86
20,2856,89
21,2951,92
22,3038,94
23,3124,97
24,3205,100
25,3284,102
26,3355,104
27,3425,107
28,3492,109
29,3556,111
30,3616,113
31,3676,114
32,3729,116
33,3785,118
34,3833,119
35,3882,121
36,3926,122
37,3972,124
38,4011,125
39,4051,126
40,3870,120
41,3685,115
42,3507,109
43,3340,104
44,3185,99
45,3032,94
46,2892,90
47,2756,86
48,2628,82
49,2507,78
50,2391,74
51,2278,71
52,2174,67
53,2071,64
54,1976,61
55,1884,58
56,1797,56
57,1714,53
58,1635,51
59,1557,48
60,1487,46
61,1420,44
62,1355,42
63,1292,40
64,1233,38
65,1178,36
66,1124,35
67,1071,33
68,1024,32
69,975,30
70,931,29
71,888,27
72,847,26
73,954,29
74,1144,35
75,1325,41
76,1496,46
77,1660,51
78,1812,56
79,1957,61
80,2096,65
81,2226,69
82,2350,73
83,2468,77
84,2582,80
85,2688,84
86,2791,87
87,2889,90
88,2980,93
89,3068,95
90,3153,98
91,3233,101
92,3309,103
93,3380,105
94,3450,107
95,3515,109
96,3577,111
97,3637,113
98,3694,115
99,3747,117
100,3800,118
101,3848,120
102,3897,121
103,3942,123
104,3985,124
105,4024,125
106,4002,125
107,3805,118
108,3626,113
109,3451,107
110,3285,102
111,3135,97
112,2984,93
113,2846,88
114,2713,84
115,2587,80
116,2465,77
117,2351,73
118,2242,70
119,2138,66
120,2039,63
121,1944,60
122,1854,57
123,1770,55
124,1687,52
125,1610,50
126,1534,47
127,1465,45
128,1397,43
129,1331,41
130,1273,39
131,1215,37
132,1157,36
133,1107,34
134,1055,32
135,1006,31
136,961,30
137,916,28
138,874,27
139,836,26
140,1017,31
141,1207,37
142,1383,43
143,1555,48
144,1711,53
145,1860,58
146,2004,62
147,2141,66
148,2268,70
149,2391,74
150,2509,78
151,2621,81
152,2725,85
153,2825,88
154,2919,91
155,3010,94
156,3096,96
157,3178,99
158,3260,101
159,3332,104
160,3404,106
161,3471,108
162,3538,110
163,3599,112
164,3658,114
165,3713,116
166,3767,117
167,3816,119
168,3865,120
169,3912,122
170,3956,123
171,3998,124
172,4039,126
173,3934,122
174,3742,116
175,3563,111
176,3394,106
177,3234,101
178,3083,96
179,2938,91
180,2801,87
181,2669,83
182,2546,79
183,2426,75
184,2313,72
185,2204,68
186,2104,65
187,2005,62
188,1914,59
189,1823,56
190,1742,54
191,1660,51
192,1584,49
193,1510,47
194,1444,45
195,1374,42
196,1313,41
197,1252,39
198,1194,37
199,1139,35
200,1088,34
201,1037,32
202,991,30
203,943,29
204,902,28
205,859,26
206,888,27
207,1084,33
208,1271,39
209,1441,45
210,1607,50
211,1763,55
212,1911,59
213,2051,64
214,2183,68
215,2311,72
216,2432,76
217,2547,79
218,2656,83
219,2759,86
220,2859,89
221,2951,92
222,3043,95
223,3126,97
224,3207,100
225,3284,102
226,3358,104
227,3426,107
228,3493,109
229,3556,111
230,3619,113
231,3676,114
232,3732,116
233,3784,118
234,3835,119
235,3882,121
236,3929,122
237,3972,124
238,4013,125
239,4054,126
240,3868,120
241,3682,115
242,3503,109
243,3339,104
244,3182,99
245,3030,94
246,2889,90
247,2756,86
248,2625,82
249,2504,78
250,2386,74
251,2277,71
252,2171,67
253,2071,64
254,1975,61
255,1885,58
256,1796,56
257,1715,53
258,1632,51
259,1558,48
260,1488,46
261,1418,44
262,1351,42
263,1292,40
264,1233,38
265,1175,36
266,1123,35
267,1070,33
268,1021,31
269,975,30
270,929,29
271,890,27
272,846,26
273,956,29
274,1149,35
275,1329,41
276,1499,46
277,1662,51
278,1813,56
279,1960,61
280,2096,65
281,2228,69
282,2351,73
283,2470,77
284,2584,80
285,2688,84
286,2792,87
287,2889,90
288,2982,93
289,3069,95
290,3152,98
291,3235,101
292,3309,103
293,3382,105
294,3450,107
295,3516,109
296,3578,111
297,3639,113
298,3695,115
299,3750,117
300,3800,118
301,3852,120
302,3897,121
303,3942,123
304,3983,124
305,4026,125
306,3998,124
307,3801,118
308,3619,113
309,3449,107
310,3284,102
311,3130,97
312,2984,93
313,2844,88
314,2711,84
315,2585,80
316,2465,77
317,2349,73
318,2241,70
319,2135,66
320,2038,63
321,1944,60
322,1853,57
323,1767,55
324,1686,52
325,1608,50
326,1534,47
327,1463,45
328,1396,43
329,1327,41
330,1271,39
331,1211,37
332,1156,36
333,1104,34
334,1053,32
335,1004,31
336,958,29
337,916,28
338,873,27
339,831,25
340,1022,31
341,1210,37
342,1387,43
343,1555,48
344,1715,53
345,1864,58
346,2007,62
347,2142,66
348,2270,70
349,2395,74
350,2511,78
351,2621,81
352,2725,85
353,2826,88
354,2923,91
355,3013,94
356,3099,96
357,3182,99
358,3259,101
359,3334,104
360,3404,106
361,3474,108
362,3538,110
363,3598,112
364,3659,114
365,3714,116
366,3767,117
367,3818,119
368,3868,120
369,3912,122
370,3958,123
371,3998,124
372,4040,126
373,3928,122
374,3738,116
375,3560,111
376,3391,105
377,3233,101
378,3079,96
379,2934,91
380,2798,87
381,2666,83
382,2542,79
383,2424,75
384,2312,72
385,2204,68
386,2102,65
387,2003,62
388,1912,59
389,1821,56
390,1739,54
391,1660,51
392,1585,49
393,1510,47
394,1440,45
395,1374,42
396,1310,40
397,1252,39
398,1195,37
399,1139,35
400,1086,33
401,1035,32
402,989,30
403,945,29
404,903,28
405,859,26
406,893,27
407,1088,34
408,1275,39
409,1446,45
410,1613,50
411,1767,55
412,1914,59
413,2056,64
414,2186,68
415,2314,72
416,2433,76
417,2549,79
418,2658,83
419,2763,86
420,2859,89
421,2955,92
422,3044,95
423,3128,97
424,3207,100
425,3285,102
426,3356,104
427,3428,107
428,3496,109
429,3560,111
430,3620,113
431,3678,114
432,3735,116
433,3786,118
434,3837,119
435,3884,121
436,3927,122
437,3972,124
438,4013,125
439,4052,126
440,3862,120
441,3675,114
442,3502,109
443,3335,104
444,3178,99
445,3028,94
446,2887,90
447,2752,86
448,2625,82
449,2501,78
450,2382,74
451,2274,71
452,2167,67
453,2066,64
454,1972,61
455,1881,58
456,1794,56
457,1710,53
458,1631,50
459,1556,48
460,1486,46
461,1416,44
462,1352,42
463,1288,40
464,1231,38
465,1175,36
466,1114,34
467,1068,33
468,1019,31
469,973,30
470,927,28
471,886,27
472,846,26
473,960,30
474,1154,36
475,1333,41
476,1504,47
477,1665,52
478,1818,56
479,1963,61
480,2100,65
481,2231,69
482,2355,73
483,2476,77
484,2587,80
485,2687,83
486,2797,87
487,2891,90
488,2984,93
489,3071,95
490,3156,98
491,3235,101
492,3312,103
493,3382,105
494,3453,107
495,3517,109
496,3581,111
497,3639,113
498,3696,115
499,3749,117
0,1321,41
1,1266,39
2,1201,37
3,1147,35
4,1094,34
5,1045,32
6,998,31
7,952,29
8,908,28
9,865,27
10,850,26
11,1056,33
12,1242,38
13,1416,44
14,1583,49
15,1739,54
16,1889,59
17,2032,63
18,2164,67
19,2292,71
20,2413,75
21,2530,79
22,2639,82
23,2745,85
24,2844,88
25,2937,91
26,3028,94
27,3112,97
28,3196,99
29,3271,102
30,3347,104
31,3416,106
32,3484,108
33,3546,110
34,3610,112
35,3667,114
36,3723,116
37,3776,118
38,3827,119
39,3873,121
40,3920,122
41,3966,123
42,4007,125
43,4044,126
44,3897,121
45,3707,115
46,3530,110
47,3362,105
48,3204,100
49,3054,95
50,2911,90
51,2778,86
52,2646,82
53,2522,78
54,2405,75
55,2293,71
56,2187,68
57,2085,65
58,1988,62
59,1896,59
60,1808,56
61,1725,53
62,1644,51
63,1570,49
64,1495,46
65,1429,44
66,1364,42
67,1303,40
68,1242,38
69,1185,37
70,1130,35
71,1078,33
72,1028,32
73,982,30
74,934,29
75,894,27
76,852,26
77,926,28
78,1118,34
79,1302,40
80,1474,46
81,1637,51
82,1791,55
83,1940,60
84,2078,64
85,2211,69
86,2333,72
87,2454,76
88,2567,80
89,2675,83
90,2775,86
91,2876,89
92,2967,92
93,3057,95
94,3140,98
95,3223,100
96,3299,103
97,3371,105
98,3439,107
99,3508,109
100,3569,111
101,3629,113
102,3685,115
103,3739,116
104,3793,118
105,3843,120
106,3890,121
107,3936,123
108,3978,124
109,4022,125
110,4030,125
111,3834,119
112,3647,113
113,3475,108
114,3308,103
115,3152,98
116,3007,93
117,2864,89
118,2732,85
119,2602,81
120,2482,77
121,2366,73
122,2256,70
123,2151,67
124,2052,64
125,1956,61
126,1866,58
127,1781,55
128,1699,53
129,1619,50
130,1546,48
131,1474,46
132,1408,44
133,1342,41
134,1280,40
135,1223,38
136,1166,36
137,1112,34
138,1060,33
139,1013,31
140,965,30
141,921,28
142,881,27
143,839,26
144,992,31
145,1183,36
146,1360,42
147,1530,47
148,1689,52
149,1840,57
150,1985,62
151,2119,66
152,2253,70
153,2374,74
154,2492,77
155,2603,81
156,2712,84
157,2811,87
158,2907,90
159,2998,93
160,3086,96
161,3167,98
162,3247,101
163,3322,103
164,3395,106
165,3462,108
166,3528,110
167,3590,112
168,3648,114
169,3703,115
170,3758,117
171,3810,119
172,3861,120
173,3904,122
174,3950,123
175,3992,124
176,4032,126
177,3964,123
178,3771,117
179,3588,112
180,3418,106
181,3256,101
182,3103,96
183,2958,92
184,2818,88
185,2689,84
186,2561,80
187,2442,76
188,2326,72
189,2221,69
190,2119,66
191,2019,63
192,1926,60
193,1837,57
194,1752,54
195,1673,52
196,1595,49
197,1522,47
198,1452,45
199,1386,43
200,1320,41
201,1261,39
202,1202,37
203,1147,35
204,1095,34
205,1045,32
206,997,31
207,950,29
208,907,28
209,866,27
210,858,26
211,1059,33
212,1244,38
213,1419,44
214,1584,49
215,1743,54
216,1889,59
217,2030,63
218,2165,67
219,2294,71
220,2414,75
221,2531,79
222,2639,82
223,2740,85
224,2843,88
225,2940,91
226,3028,94
227,3115,97
228,3195,99
229,3275,102
230,3348,104
231,3419,106
232,3486,108
233,3550,110
234,3609,112
235,3669,114
236,3720,116
237,3777,118
238,3828,119
239,3875,121
240,3922,122
241,3965,123
242,4006,125
243,4048,126
244,3896,121
245,3707,115
246,3529,110
247,3363,105
248,3203,100
249,3052,95
250,2910,90
251,2775,86
252,2644,82
253,2521,78
254,2404,75
255,2290,71
256,2186,68
257,2082,65
258,1988,62
259,1896,59
260,1809,56
261,1726,53
262,1645,51
263,1569,49
264,1497,46
265,1427,44
266,1362,42
267,1299,40
268,1240,38
269,1185,37
270,1130,35
271,1078,33
272,1023,31
273,980,30
274,934,29
275,893,27
276,853,26
277,927,28
278,1122,35
279,1305,40
280,1478,46
281,1640,51
282,1794,56
283,1941,60
284,2079,64
285,2210,69
286,2336,73
287,2455,76
288,2570,80
289,2676,83
290,2780,86
291,2877,89
292,2972,92
293,3058,95
294,3144,98
295,3221,100
296,3300,103
297,3371,105
298,3440,107
299,3507,109
300,3570,111
301,3628,113
302,3687,115
303,3740,116
304,3794,118
305,3843,120
306,3892,121
307,3937,123
308,3979,124
309,4021,125
310,4023,125
311,3829,119
312,3643,113
313,3470,108
314,3306,103
315,3150,98
316,3004,93
317,2863,89
318,2729,85
319,2603,81
320,2480,77
321,2365,73
322,2255,70
323,2151,67
324,2050,64
325,1955,61
326,1864,58
327,1780,55
328,1696,53
329,1620,50
330,1544,48
331,1474,46
332,1403,43
333,1342,41
334,1280,40
335,1222,38
336,1165,36
337,1113,34
338,1059,33
339,1012,31
340,966,30
341,922,28
342,878,27
343,839,26
344,995,31
345,1186,37
346,1364,42
347,1532,47
348,1693,52
349,1844,57
350,1987,62
351,2125,66
352,2253,70
353,2375,74
354,2492,77
355,2608,81
356,2712,84
357,2812,87
358,2910,90
359,3001,93
360,3087,96
361,3171,99
362,3247,101
363,3326,103
364,3396,106
365,3464,108
366,3528,110
367,3591,112
368,3650,114
369,3706,115
370,3760,117
371,3812,119
372,3860,120
373,3907,122
374,3952,123
375,3995,124
376,4035,126
377,3957,123
378,3765,117
379,3585,112
380,3415,106
381,3253,101
382,3099,96
383,2953,92
384,2816,88
385,2686,83
386,2560,80
387,2440,76
388,2327,72
389,2218,69
390,2116,66
391,2017,63
392,1925,60
393,1835,57
394,1751,54
395,1667,52
396,1593,49
397,1518,47
398,1449,45
399,1384,43
400,1321,41
401,1261,39
402,1200,37
403,1145,35
404,1093,34
405,1042,32
406,997,31
407,950,29
408,905,28
409,865,27
410,865,27
411,1061,33
412,1249,39
413,1422,44
414,1590,49
415,1745,54
416,1895,59
417,2035,63
418,2170,67
419,2299,71
420,2418,75
421,2532,79
422,2644,82
423,2746,85
424,2848,89
425,2939,91
426,3030,94
427,3117,97
428,3198,99
429,3276,102
430,3350,104
431,3419,106
432,3486,108
433,3548,110
434,3612,112
435,3668,114
436,3724,116
437,3777,118
438,3828,119
439,3877,121
440,3923,122
441,3967,123
442,4009,125
443,4047,126
444,3889,121
445,3701,115
446,3527,110
447,3355,104
448,3200,100
449,3050,95
450,2906,90
451,2767,86
452,2640,82
453,2519,78
454,2401,75
455,2290,71
456,2182,68
457,2081,65
458,1985,62
459,1892,59
460,1805,56
461,1723,53
462,1641,51
463,1569,49
464,1495,46
465,1425,44
466,1361,42
467,1299,40
468,1239,38
469,1182,36
470,1128,35
471,1076,33
472,1026,32
473,979,30
474,935,29
475,893,27
476,852,26
477,931,29
478,1126,35
479,1309,40
480,1481,46
481,1642,51
482,1796,56
483,1944,60
484,2081,65
485,2214,69
486,2337,73
487,2458,76
488,2570,80
489,2678,83
490,2782,86
491,2880,90
492,2973,92
493,3061,95
494,3144,98
495,3225,100
496,3298,103
497,3374,105
498,3442,107
499,3508,109
0,3964,123
1,4009,125
2,4049,126
3,3885,121
4,3699,115
5,3520,110
6,3354,104
7,3197,99
8,3045,95
9,2903,90
10,2768,86
11,2637,82
12,2515,78
13,2397,74
14,2287,71
15,2179,68
16,2080,65
17,1982,61
18,1892,59
19,1802,56
20,1719,53
21,1640,51
22,1565,48
23,1494,46
24,1425,44
25,1360,42
26,1299,40
27,1236,38
28,1179,36
29,1125,35
30,1074,33
31,1027,32
32,979,30
33,934,29
34,893,27
35,850,26
36,937,29
37,1131,35
38,1313,41
39,1485,46
40,1647,51
41,1801,56
42,1946,60
43,2083,65
44,2215,69
45,2341,73
46,2462,76
47,2574,80
48,2683,83
49,2784,87
50,2881,90
51,2975,92
52,3061,95
53,3146,98
54,3227,100
55,3303,103
56,3375,105
57,3445,107
58,3509,109
59,3573,111
60,3632,113
61,3690,115
62,3748,117
63,3797,118
64,3847,120
65,3892,121
66,3939,123
67,3980,124
68,4022,125
69,4016,125
70,3821,119
71,3638,113
72,3465,108
73,3300,103
74,3145,98
75,2998,93
76,2856,89
77,2723,85
78,2596,81
79,2477,77
80,2362,73
81,2252,70
82,2145,67
83,2046,63
84,1950,60
85,1861,58
86,1773,55
87,1694,52
88,1615,50
89,1543,48
90,1469,45
91,1403,43
92,1336,41
93,1276,39
94,1218,38
95,1161,36
96,1109,34
97,1059,33
98,1011,31
99,963,30
100,919,28
101,877,27
102,837,26
103,1005,31
104,1193,37
105,1373,42
106,1541,48
107,1700,53
108,1851,57
109,1995,62
110,2129,66
111,2259,70
112,2382,74
113,2500,78
114,2611,81
115,2717,84
116,2816,88
117,2913,91
118,3004,93
119,3092,96
120,3174,99
121,3252,101
122,3327,103
123,3399,106
124,3467,108
125,3531,110
126,3593,112
127,3653,114
128,3708,115
129,3762,117
130,3814,119
131,3862,120
132,3908,122
133,3955,123
134,3996,124
135,4038,126
136,3949,123
137,3759,117
138,3576,111
139,3408,106
140,3247,101
141,3094,96
142,2949,92
143,2812,87
144,2681,83
145,2556,79
146,2436,76
147,2322,72
148,2213,69
149,2110,65
150,2015,62
151,1919,59
152,1833,57
153,1746,54
154,1667,52
155,1590,49
156,1517,47
157,1447,45
158,1380,43
159,1315,41
160,1257,39
161,1198,37
162,1144,35
163,1092,34
164,1040,32
165,994,31
166,949,29
167,905,28
168,863,26
169,867,27
170,1069,33
171,1254,39
172,1429,44
173,1595,49
174,1751,54
175,1898,59
176,2042,63
177,2173,67
178,2302,71
179,2422,75
180,2536,79
181,2646,82
182,2750,85
183,2848,89
184,2944,92
185,3032,94
186,3121,97
187,3199,99
188,3278,102
189,3351,104
190,3422,106
191,3490,109
192,3551,110
193,3613,112
194,3672,114
195,3725,116
196,3778,118
197,3828,119
198,3877,121
199,3922,122
200,3967,123
201,4008,125
202,4049,126
203,3884,121
204,3699,115
205,3519,109
206,3352,104
207,3195,99
208,3046,95
209,2902,90
210,2765,86
211,2639,82
212,2512,78
213,2398,74
214,2285,71
215,2179,68
216,2079,64
217,1981,61
218,1890,59
219,1803,56
220,1721,53
221,1639,51
222,1563,48
223,1495,46
224,1425,44
225,1360,42
226,1296,40
227,1238,38
228,1179,36
229,1126,35
230,1074,33
231,1026,32
232,977,30
233,936,29
234,891,27
235,851,26
236,939,29
237,1134,35
238,1314,41
239,1488,46
240,1648,51
241,1802,56
242,1948,60
243,2086,65
244,2217,69
245,2343,73
246,2462,76
247,2576,80
248,2682,83
249,2787,87
250,2880,90
251,2976,93
252,3064,95
253,3148,98
254,3226,100
255,3303,103
256,3374,105
257,3444,107
258,3510,109
259,3575,111
260,3634,113
261,3690,115
262,3746,117
263,3797,118
264,3847,120
265,3895,121
266,3940,123
267,3983,124
268,4023,125
269,4013,125
270,3817,119
271,3632,113
272,3461,108
273,3297,103
274,3144,98
275,2995,93
276,2855,89
277,2720,85
278,2595,81
279,2474,77
280,2359,73
281,2249,70
282,2145,67
283,2045,63
284,1950,60
285,1859,58
286,1774,55
287,1693,52
288,1614,50
289,1541,48
290,1469,45
291,1400,43
292,1337,41
293,1276,39
294,1220,38
295,1162,36
296,1110,34
297,1056,33
298,1009,31
299,963,30
300,918,28
301,876,27
302,836,26
303,1005,31
304,1197,37
305,1373,42
306,1543,48
307,1702,53
308,1853,57
309,1995,62
310,2131,66
311,2258,70
312,2385,74
313,2498,78
314,2612,81
315,2717,84
316,2818,88
317,2915,91
318,3006,93
319,3092,96
320,3174,99
321,3253,101
322,3327,103
323,3398,106
324,3466,108
325,3532,110
326,3594,112
327,3652,114
328,3709,115
329,3763,117
330,3814,119
331,3863,120
332,3909,122
333,3953,123
334,3997,124
335,4036,126
336,3948,123
337,3756,117
338,3576,111
339,3405,106
340,3246,101
341,3091,96
342,2946,92
343,2809,87
344,2678,83
345,2552,79
346,2434,76
347,2320,72
348,2214,69
349,2111,65
350,2014,62
351,1919,59
352,1832,57
353,1747,54
354,1667,52
355,1588,49
356,1517,47
357,1445,45
358,1379,43
359,1309,40
360,1256,39
361,1198,37
362,1143,35
363,1090,34
364,1041,32
365,993,31
366,950,29
367,904,28
368,863,26
369,873,27
370,1070,33
371,1257,39
372,1432,44
373,1597,49
374,1754,54
375,1901,59
376,2041,63
377,2174,67
378,2302,71
379,2423,75
380,2538,79
381,2648,82
382,2754,86
383,2851,89
384,2947,92
385,3034,94
386,3122,97
387,3200,100
388,3279,102
389,3352,104
390,3422,106
391,3488,109
392,3553,111
393,3612,112
394,3674,114
395,3728,116
396,3779,118
397,3829,119
398,3878,121
399,3925,122
400,3966,123
401,4006,125
402,4049,126
403,3878,121
404,3693,115
405,3518,109
406,3350,104
407,3194,99
408,3042,95
409,2901,90
410,2765,86
411,2635,82
412,2512,78
413,2395,74
414,2284,71
415,2176,68
416,2075,64
417,1981,61
418,1889,59
419,1803,56
420,1718,53
421,1641,51
422,1564,48
423,1492,46
424,1422,44
425,1359,42
426,1295,40
427,1236,38
428,1180,36
429,1128,35
430,1073,33
431,1027,32
432,977,30
433,933,29
434,890,27
435,849,26
436,940,29
437,1137,35
438,1316,41
439,1488,46
440,1649,51
441,1802,56
442,1950,60
443,2088,65
444,2219,69
445,2343,73
446,2463,76
447,2577,80
448,2682,83
449,2788,87
450,2885,90
451,2977,93
452,3063,95
453,3149,98
454,3226,100
455,3303,103
456,3374,105
457,3449,107
458,3510,109
459,3574,111
460,3635,113
461,3692,115
462,3745,117
463,3798,118
464,3846,120
465,3894,121
466,3938,123
467,3981,124
468,4022,125
469,4012,125
470,3818,119
471,3636,113
472,3461,108
473,3297,103
474,3143,98
475,2991,93
476,2855,89
477,2720,85
478,2594,81
479,2471,77
480,2358,73
481,2250,70
482,2144,67
483,2044,63
484,1950,60
485,1859,58
486,1776,55
487,1693,52
488,1614,50
489,1540,48
490,1469,45
491,1401,43
492,1337,41
493,1275,39
494,1219,38
495,1160,36
496,1109,34
497,1056,33
498,1010,31
499,962,30
0,3212,100
1,3289,102
2,3364,105
3,3432,107
4,3498,109
5,3561,111
6,3621,113
7,3681,115
8,3734,116
9,3788,118
10,3837,119
11,3884,121
12,3930,122
13,3972,124
14,4013,125
15,4054,126
16,3858,120
17,3672,114
18,3495,109
19,3328,104
20,3173,99
21,3024,94
22,2881,90
23,2748,85
24,2620,81
25,2496,78
26,2382,74
27,2270,70
28,2165,67
29,2063,64
30,1969,61
31,1878,58
32,1792,56
33,1709,53
34,1631,50
35,1554,48
36,1483,46
37,1415,44
38,1351,42
39,1288,40
40,1229,38
41,1172,36
42,1118,34
43,1067,33
44,1018,31
45,972,30
46,926,28
47,885,27
48,844,26
49,963,30
50,1159,36
51,1338,41
52,1510,47
53,1669,52
54,1821,56
55,1966,61
56,2104,65
57,2236,69
58,2358,73
59,2478,77
60,2591,80
61,2696,84
62,2800,87
63,2896,90
64,2987,93
65,3073,96
66,3157,98
67,3237,101
68,3314,103
69,3385,105
70,3454,107
71,3519,109
72,3581,111
73,3640,113
74,3697,115
75,3754,117
76,3804,118
77,3852,120
78,3900,121
79,3945,123
80,3988,124
81,4029,125
82,3988,124
83,3792,118
84,3611,112
85,3440,107
86,3276,102
87,3122,97
88,2978,93
89,2837,88
90,2706,84
91,2578,80
92,2459,76
93,2343,73
94,2235,69
95,2131,66
96,2033,63
97,1937,60
98,1849,57
99,1763,55
100,1683,52
101,1604,50
102,1531,47
103,1459,45
104,1393,43
105,1329,41
106,1269,39
107,1209,37
108,1156,36
109,1102,34
110,1052,32
111,1005,31
112,958,29
113,914,28
114,871,27
115,830,25
116,1032,32
117,1219,38
118,1397,43
119,1563,48
120,1722,53
121,1872,58
122,2013,62
123,2147,67
124,2278,71
125,2399,74
126,2518,78
127,2627,82
128,2732,85
129,2830,88
130,2927,91
131,3017,94
132,3103,96
133,3184,99
134,3263,101
135,3339,104
136,3409,106
137,3476,108
138,3542,110
139,3602,112
140,3660,114
141,3716,116
142,3770,117
143,3820,119
144,3870,120
145,3913,122
146,3959,123
147,4000,125
148,4040,126
149,3920,122
150,3731,116
151,3551,110
152,3385,105
153,3226,100
154,3073,96
155,2928,91
156,2791,87
157,2662,83
158,2536,79
159,2421,75
160,2306,72
161,2201,68
162,2097,65
163,2001,62
164,1909,59
165,1821,56
166,1736,54
167,1656,51
168,1580,49
169,1507,47
170,1437,44
171,1371,42
172,1307,40
173,1249,39
174,1190,37
175,1138,35
176,1085,33
177,1036,32
178,987,30
179,943,29
180,899,28
181,858,26
182,899,28
183,1096,34
184,1279,39
185,1453,45
186,1617,50
187,1772,55
188,1920,60
189,2059,64
190,2192,68
191,2319,72
192,2437,76
193,2554,79
194,2661,83
195,2764,86
196,2863,89
197,2957,92
198,3045,95
199,3131,97
200,3210,100
201,3288,102
202,3360,105
203,3431,107
204,3497,109
205,3563,111
206,3621,113
207,3679,114
208,3733,116
209,3787,118
210,3836,119
211,3886,121
212,3931,122
213,3976,124
214,4014,125
215,4054,126
216,3854,120
217,3672,114
218,3496,109
219,3329,104
220,3173,99
221,3023,94
222,2880,90
223,2748,85
224,2618,81
225,2496,78
226,2381,74
227,2269,70
228,2166,67
229,2064,64
230,1969,61
231,1877,58
232,1792,56
233,1709,53
234,1631,50
235,1556,48
236,1483,46
237,1414,44
238,1351,42
239,1288,40
240,1230,38
241,1172,36
242,1119,34
243,1067,33
244,1019,31
245,971,30
246,929,29
247,884,27
248,844,26
249,964,30
250,1158,36
251,1338,41
252,1509,47
253,1669,52
254,1823,56
255,1967,61
256,2105,65
257,2235,69
258,2362,73
259,2476,77
260,2590,80
261,2695,84
262,2798,87
263,2894,90
264,2988,93
265,3075,96
266,3158,98
267,3237,101
268,3312,103
269,3385,105
270,3456,108
271,3518,109
272,3583,111
273,3641,113
274,3699,115
275,3751,117
276,3804,118
277,3854,120
278,3902,121
279,3943,123
280,3989,124
281,4029,125
282,3985,124
283,3790,118
284,3608,112
285,3438,107
286,3275,102
287,3123,97
288,2976,93
289,2836,88
290,2704,84
291,2577,80
292,2460,76
293,2344,73
294,2235,69
295,2129,66
296,2031,63
297,1938,60
298,1845,57
299,1759,54
300,1680,52
301,1604,50
302,1531,47
303,1459,45
304,1394,43
305,1327,41
306,1267,39
307,1209,37
308,1152,36
309,1101,34
310,1052,32
311,1002,31
312,957,29
313,913,28
314,871,27
315,831,25
316,1035,32
317,1221,38
318,1400,43
319,1563,48
320,1724,53
321,1871,58
322,2017,63
323,2149,67
324,2278,71
325,2399,74
326,2516,78
327,2628,82
328,2731,85
329,2832,88
330,2928,91
331,3017,94
332,3104,97
333,3186,99
334,3264,102
335,3336,104
336,3408,106
337,3477,108
338,3541,110
339,3603,112
340,3663,114
341,3717,116
342,3770,117
343,3822,119
344,3869,120
345,3914,122
346,3960,123
347,4001,125
348,4041,126
349,3919,122
350,3732,116
351,3551,110
352,3382,105
353,3224,100
354,3072,96
355,2928,91
356,2790,87
357,2661,83
358,2536,79
359,2418,75
360,2305,72
361,2198,68
362,2096,65
363,1999,62
364,1908,59
365,1819,56
366,1735,54
367,1655,51
368,1578,49
369,1507,47
370,1435,44
371,1371,42
372,1309,40
373,1248,39
374,1190,37
375,1136,35
376,1084,33
377,1034,32
378,987,30
379,942,29
380,898,28
381,859,26
382,899,28
383,1097,34
384,1279,39
385,1454,45
386,1618,50
387,1773,55
388,1921,60
389,2060,64
390,2193,68
391,2319,72
392,2439,76
393,2554,79
394,2664,83
395,2766,86
396,2862,89
397,2957,92
398,3045,95
399,3131,97
400,3211,100
401,3289,102
402,3362,105
403,3433,107
404,3498,109
405,3562,111
406,3622,113
407,3680,115
408,3734,116
409,3787,118
410,3836,119
411,3885,121
412,3931,122
413,3976,124
414,4015,125
415,4056,126
416,3855,120
417,3671,114
418,3494,109
419,3327,103
420,3171,99
421,3022,94
422,2882,90
423,2746,85
424,2618,81
425,2495,77
426,2381,74
427,2269,70
428,2166,67
429,2063,64
430,1968,61
431,1878,58
432,1791,55
433,1708,53
434,1629,50
435,1554,48
436,1483,46
437,1412,44
438,1349,42
439,1285,40
440,1228,38
441,1172,36
442,1116,34
443,1067,33
444,1019,31
445,971,30
446,928,29
447,884,27
448,846,26
449,968,30
450,1160,36
451,1339,41
452,1510,47
453,1670,52
454,1824,57
455,1969,61
456,2105,65
457,2236,69
458,2361,73
459,2478,77
460,2592,81
461,2698,84
462,2801,87
463,2897,90
464,2990,93
465,3076,96
466,3159,98
467,3238,101
468,3316,103
469,3384,105
470,3454,107
471,3520,110
472,3582,111
473,3641,113
474,3700,115
475,3752,117
476,3804,118
477,3852,120
478,3902,121
479,3946,123
480,3988,124
481,4030,125
482,3986,124
483,3792,118
484,3611,112
485,3437,107
486,3274,102
487,3120,97
488,2975,92
489,2836,88
490,2702,84
491,2576,80
492,2456,76
493,2342,73
494,2234,69
495,2129,66
496,2029,63
497,1938,60
498,1848,57
499,1763,55
0,961,30
1,1154,36
2,1336,41
3,1504,47
4,1665,52
5,1817,56
6,1962,61
7,2103,65
8,2230,69
9,2360,73
10,2474,77
11,2588,80
12,2693,84
13,2796,87
14,2892,90
15,2986,93
16,3072,96
17,3157,98
18,3235,101
19,3311,103
20,3382,105
21,3451,107
22,3517,109
23,3583,111
24,3640,113
25,3698,115
26,3750,117
27,3803,118
28,3856,120
29,3898,121
30,3942,123
31,3987,124
32,4028,125
33,3992,124
34,3797,118
35,3616,113
36,3442,107
37,3280,102
38,3126,97
39,2983,93
40,2841,88
41,2709,84
42,2580,80
43,2460,76
44,2346,73
45,2235,69
46,2137,66
47,2034,63
48,1943,60
49,1851,57
50,1765,55
51,1684,52
52,1605,50
53,1532,47
54,1462,45
55,1393,43
56,1331,41
57,1269,39
58,1211,37
59,1154,36
60,1098,34
61,1052,32
62,1003,31
63,957,29
64,915,28
65,872,27
66,833,26
67,1026,32
68,1218,38
69,1393,43
70,1561,48
71,1718,53
72,1869,58
73,2010,62
74,2146,67
75,2274,71
76,2398,74
77,2514,78
78,2625,82
79,2726,85
80,2829,88
81,2925,91
82,3014,94
83,3102,96
84,3183,99
85,3263,101
86,3337,104
87,3406,106
88,3473,108
89,3540,110
90,3600,112
91,3661,114
92,3717,116
93,3770,117
94,3820,119
95,3868,120
96,3916,122
97,3957,123
98,4002,125
99,4041,126
100,3925,122
101,3737,116
102,3553,111
103,3387,105
104,3226,100
105,3075,96
106,2931,91
107,2795,87
108,2663,83
109,2539,79
110,2421,75
111,2306,72
112,2200,68
113,2099,65
114,2002,62
115,1910,59
116,1820,56
117,1737,54
118,1657,51
119,1580,49
120,1507,47
121,1438,44
122,1372,42
123,1311,40
124,1249,39
125,1192,37
126,1137,35
127,1086,33
128,1034,32
129,990,30
130,945,29
131,899,28
132,858,26
133,896,28
134,1093,34
135,1279,39
136,1450,45
137,1616,50
138,1771,55
139,1918,59
140,2059,64
141,2189,68
142,2317,72
143,2437,76
144,2552,79
145,2661,83
146,2765,86
147,2862,89
148,2956,92
149,3045,95
150,3128,97
151,3210,100
152,3288,102
153,3360,105
154,3432,107
155,3497,109
156,3561,111
157,3622,113
158,3677,114
159,3732,116
160,3786,118
161,3836,119
162,3886,121
163,3934,122
164,3973,124
165,4013,125
166,4053,126
167,3858,120
168,3673,114
169,3497,109
170,3333,104
171,3176,99
172,3026,94
173,2883,90
174,2749,85
175,2621,81
176,2498,78
177,2384,74
178,2272,71
179,2166,67
180,2066,64
181,1963,61
182,1879,58
183,1792,56
184,1709,53
185,1632,51
186,1557,48
187,1484,46
188,1418,44
189,1350,42
190,1288,40
191,1230,38
192,1173,36
193,1119,34
194,1069,33
195,1014,31
196,973,30
197,927,28
198,884,27
199,844,26
200,963,30
201,1158,36
202,1337,41
203,1509,47
204,1667,52
205,1819,56
206,1964,61
207,2101,65
208,2234,69
209,2358,73
210,2476,77
211,2588,80
212,2697,84
213,2797,87
214,2893,90
215,2986,93
216,3074,96
217,3158,98
218,3238,101
219,3313,103
220,3384,105
221,3453,107
222,3518,109
223,3580,111
224,3642,113
225,3698,115
226,3751,117
227,3805,118
228,3850,120
229,3899,121
230,3943,123
231,3988,124
232,4030,125
233,3991,124
234,3797,118
235,3613,112
236,3440,107
237,3278,102
238,3124,97
239,2978,93
240,2839,88
241,2705,84
242,2580,80
243,2459,76
244,2345,73
245,2235,69
246,2132,66
247,2034,63
248,1936,60
249,1850,57
250,1764,55
251,1683,52
252,1605,50
253,1532,47
254,1461,45
255,1393,43
256,1329,41
257,1268,39
258,1210,37
259,1156,36
260,1103,34
261,1052,32
262,997,31
263,958,29
264,916,28
265,870,27
266,833,26
267,1032,32
268,1219,38
269,1393,43
270,1563,48
271,1721,53
272,1870,58
273,2012,62
274,2148,67
275,2276,71
276,2400,75
277,2516,78
278,2625,82
279,2730,85
280,2830,88
281,2926,91
282,3014,94
283,3103,96
284,3184,99
285,3263,101
286,3338,104
287,3408,106
288,3478,108
289,3540,110
290,3600,112
291,3661,114
292,3716,116
293,3770,117
294,3821,119
295,3875,121
296,3915,122
297,3959,123
298,4000,125
299,4041,126
300,3921,122
301,3733,116
302,3553,111
303,3387,105
304,3227,100
305,3073,96
306,2929,91
307,2794,87
308,2661,83
309,2538,79
310,2419,75
311,2306,72
312,2201,68
313,2100,65
314,2002,62
315,1906,59
316,1822,56
317,1736,54
318,1656,51
319,1580,49
320,1505,47
321,1438,44
322,1372,42
323,1310,40
324,1248,39
325,1193,37
326,1138,35
327,1085,33
328,1034,32
329,989,30
330,942,29
331,899,28
332,859,26
333,896,28
334,1095,34
335,1279,39
336,1450,45
337,1617,50
338,1771,55
339,1919,59
340,2059,64
341,2190,68
342,2317,72
343,2439,76
344,2554,79
345,2662,83
346,2764,86
347,2863,89
348,2954,92
349,3046,95
350,3130,97
351,3211,100
352,3289,102
353,3361,105
354,3430,107
355,3498,109
356,3562,111
357,3621,113
358,3679,114
359,3733,116
360,3788,118
361,3838,119
362,3884,121
363,3931,122
364,3972,124
365,4014,125
366,4052,126
367,3857,120
368,3670,114
369,3496,109
370,3330,104
371,3175,99
372,3026,94
373,2883,90
374,2747,85
375,2620,81
376,2498,78
377,2381,74
378,2271,70
379,2165,67
380,2065,64
381,1969,61
382,1880,58
383,1789,55
384,1710,53
385,1630,50
386,1555,48
387,1484,46
388,1416,44
389,1349,42
390,1288,40
391,1229,38
392,1173,36
393,1119,34
394,1069,33
395,1021,31
396,971,30
397,929,29
398,883,27
399,843,26
400,966,30
401,1158,36
402,1341,41
403,1508,47
404,1670,52
405,1822,56
406,1966,61
407,2104,65
408,2233,69
409,2357,73
410,2477,77
411,2589,80
412,2698,84
413,2798,87
414,2894,90
415,2987,93
416,3073,96
417,3158,98
418,3237,101
419,3314,103
420,3386,105
421,3455,107
422,3519,109
423,3581,111
424,3640,113
425,3698,115
426,3752,117
427,3804,118
428,3853,120
429,3900,121
430,3945,123
431,3987,124
432,4028,125
433,3987,124
434,3794,118
435,3612,112
436,3439,107
437,3277,102
438,3123,97
439,2976,93
440,2838,88
441,2705,84
442,2579,80
443,2458,76
444,2344,73
445,2235,69
446,2132,66
447,2033,63
448,1938,60
449,1849,57
450,1764,55
451,1682,52
452,1604,50
453,1530,47
454,1460,45
455,1393,43
456,1329,41
457,1269,39
458,1209,37
459,1156,36
460,1104,34
461,1051,32
462,1003,31
463,957,29
464,912,28
465,872,27
466,830,25
467,1031,32
468,1220,38
469,1397,43
470,1563,48
471,1722,53
472,1871,58
473,2014,62
474,2149,67
475,2275,71
476,2399,74
477,2515,78
478,2626,82
479,2732,85
480,2829,88
481,2925,91
482,3015,94
483,3102,96
484,3185,99
485,3263,101
486,3339,104
487,3410,106
488,3475,108
489,3540,110
490,3602,112
491,3659,114
492,3715,116
493,3770,117
494,3821,119
495,3868,120
496,3914,122
497,3960,123
498,4001,125
499,4042,126
0,2590,80
1,2471,77
2,2355,73
3,2248,70
4,2139,66
5,2043,63
6,1947,60
7,1861,58
8,1772,55
9,1691,52
10,1612,50
11,1539,48
12,1467,45
13,1401,43
14,1335,41
15,1274,39
16,1217,38
17,1163,36
18,1107,34
19,1056,33
20,1008,31
21,964,30
22,917,28
23,876,27
24,837,26
25,1009,31
26,1198,37
27,1377,43
28,1543,48
29,1705,53
30,1855,57
31,1998,62
32,2133,66
33,2262,70
34,2385,74
35,2502,78
36,2612,81
37,2719,84
38,2818,88
39,2916,91
40,3009,94
41,3093,96
42,3174,99
43,3255,101
44,3327,103
45,3401,106
46,3468,108
47,3534,110
48,3596,112
49,3654,114
50,3710,115
51,3764,117
52,3814,119
53,3863,120
54,3908,122
55,3954,123
56,3997,124
57,4037,126
58,3944,123
59,3754,117
60,3579,111
61,3402,106
62,3242,101
63,3089,96
64,2944,92
65,2808,87
66,2677,83
67,2551,79
68,2431,75
69,2322,72
70,2211,69
71,2108,65
72,2011,62
73,1917,59
74,1829,57
75,1745,54
76,1664,52
77,1589,49
78,1515,47
79,1445,45
80,1376,43
81,1316,41
82,1255,39
83,1197,37
84,1143,35
85,1091,34
86,1040,32
87,994,31
88,947,29
89,903,28
90,862,26
91,878,27
92,1076,33
93,1260,39
94,1434,44
95,1599,49
96,1756,54
97,1904,59
98,2045,63
99,2177,68
100,2305,72
101,2426,75
102,2540,79
103,2649,82
104,2754,86
105,2854,89
106,2945,92
107,3037,94
108,3122,97
109,3204,100
110,3281,102
111,3354,104
112,3423,106
113,3491,109
114,3554,111
115,3615,112
116,3676,114
117,3730,116
118,3782,118
119,3833,119
120,3877,121
121,3927,122
122,3968,124
123,4012,125
124,4049,126
125,3876,121
126,3689,115
127,3512,109
128,3347,104
129,3189,99
130,3038,94
131,2895,90
132,2761,86
133,2632,82
134,2511,78
135,2391,74
136,2281,71
137,2175,67
138,2076,64
139,1977,61
140,1887,58
141,1799,56
142,1717,53
143,1637,51
144,1562,48
145,1490,46
146,1421,44
147,1355,42
148,1295,40
149,1234,38
150,1178,36
151,1123,35
152,1074,33
153,1023,31
154,977,30
155,931,29
156,888,27
157,847,26
158,946,29
159,1141,35
160,1321,41
161,1491,46
162,1655,51
163,1807,56
164,1955,61
165,2091,65
166,2224,69
167,2342,73
168,2466,77
169,2579,80
170,2687,83
171,2788,87
172,2885,90
173,2979,93
174,3068,95
175,3150,98
176,3231,100
177,3305,103
178,3377,105
179,3446,107
180,3512,109
181,3576,111
182,3636,113
183,3692,115
184,3746,117
185,3799,118
186,3847,120
187,3894,121
188,3941,123
189,3981,124
190,4025,125
191,4007,125
192,3811,119
193,3628,113
194,3453,107
195,3292,102
196,3135,97
197,2987,93
198,2848,89
199,2716,84
200,2589,80
201,2470,77
202,2354,73
203,2245,70
204,2140,66
205,2041,63
206,1947,60
207,1857,58
208,1773,55
209,1690,52
210,1611,50
211,1539,48
212,1465,45
213,1400,43
214,1334,41
215,1274,39
216,1215,37
217,1160,36
218,1107,34
219,1056,33
220,1007,31
221,961,30
222,915,28
223,875,27
224,835,26
225,1015,31
226,1203,37
227,1380,43
228,1547,48
229,1707,53
230,1856,58
231,1999,62
232,2136,66
233,2266,70
234,2389,74
235,2505,78
236,2615,81
237,2723,85
238,2822,88
239,2917,91
240,3008,94
241,3096,96
242,3178,99
243,3257,101
244,3329,104
245,3401,106
246,3466,108
247,3534,110
248,3596,112
249,3655,114
250,3711,115
251,3769,117
252,3815,119
253,3864,120
254,3910,122
255,3955,123
256,3996,124
257,4038,126
258,3939,123
259,3749,117
260,3568,111
261,3401,106
262,3239,101
263,3086,96
264,2941,91
265,2804,87
266,2674,83
267,2550,79
268,2429,75
269,2316,72
270,2209,69
271,2106,65
272,2010,62
273,1916,59
274,1827,57
275,1744,54
276,1663,51
277,1587,49
278,1513,47
279,1441,45
280,1378,43
281,1313,41
282,1253,39
283,1195,37
284,1143,35
285,1088,34
286,1039,32
287,990,30
288,946,29
289,902,28
290,862,26
291,880,27
292,1075,33
293,1263,39
294,1440,45
295,1603,50
296,1761,55
297,1906,59
298,2048,64
299,2179,68
300,2308,72
301,2428,75
302,2543,79
303,2653,82
304,2757,86
305,2854,89
306,2949,92
307,3037,94
308,3126,97
309,3204,100
310,3284,102
311,3356,104
312,3425,107
313,3493,109
314,3555,111
315,3616,113
316,3674,114
317,3730,116
318,3782,118
319,3834,119
320,3881,121
321,3926,122
322,3969,124
323,4009,125
324,4052,126
325,3872,121
326,3686,115
327,3510,109
328,3344,104
329,3187,99
330,3035,94
331,2895,90
332,2756,86
333,2631,82
334,2506,78
335,2392,74
336,2279,71
337,2174,67
338,2072,64
339,1976,61
340,1884,58
341,1799,56
342,1715,53
343,1636,51
344,1559,48
345,1489,46
346,1424,44
347,1355,42
348,1291,40
349,1233,38
350,1177,36
351,1122,35
352,1073,33
353,1023,31
354,975,30
355,932,29
356,885,27
357,849,26
358,951,29
359,1143,35
360,1324,41
361,1497,46
362,1658,51
363,1810,56
364,1955,61
365,2093,65
366,2223,69
367,2346,73
368,2466,77
369,2581,80
370,2687,83
371,2793,87
372,2888,90
373,2981,93
374,3067,95
375,3153,98
376,3231,100
377,3307,103
378,3380,105
379,3448,107
380,3514,109
381,3577,111
382,3637,113
383,3694,115
384,3748,117
385,3800,118
386,3848,120
387,3896,121
388,3941,123
389,3986,124
390,4024,125
391,4003,125
392,3807,118
393,3623,113
394,3451,107
395,3288,102
396,3133,97
397,2987,93
398,2846,88
399,2714,84
400,2590,80
401,2467,77
402,2352,73
403,2242,70
404,2136,66
405,2038,63
406,1944,60
407,1853,57
408,1770,55
409,1688,52
410,1611,50
411,1531,47
412,1465,45
413,1397,43
414,1334,41
415,1271,39
416,1215,37
417,1158,36
418,1108,34
419,1054,32
420,1006,31
421,959,29
422,915,28
423,875,27
424,833,26
425,1019,31
426,1207,37
427,1383,43
428,1553,48
429,1709,53
430,1862,58
431,2004,62
432,2141,66
433,2268,70
434,2391,74
435,2508,78
436,2619,81
437,2724,85
438,2825,88
439,2919,91
440,3012,94
441,3098,96
442,3181,99
443,3258,101
444,3334,104
445,3402,106
446,3472,108
447,3536,110
448,3598,112
449,3657,114
450,3713,116
451,3767,117
452,3818,119
453,3864,120
454,3914,122
455,3956,123
456,4000,125
457,4037,126
458,3934,122
459,3742,116
460,3558,111
461,3394,106
462,3233,101
463,3084,96
464,2938,91
465,2801,87
466,2669,83
467,2545,79
468,2425,75
469,2308,72
470,2205,68
471,2104,65
472,2006,62
473,1913,59
474,1823,56
475,1743,54
476,1660,51
477,1584,49
478,1510,47
479,1442,45
480,1375,42
481,1312,41
482,1250,39
483,1194,37
484,1139,35
485,1087,33
486,1035,32
487,990,30
488,943,29
489,903,28
490,859,26
491,888,27
492,1086,33
493,1270,39
494,1444,45
495,1609,50
496,1763,55
497,1913,59
498,2050,64
499,2184,68
0,2954,92
1,3043,95
2,3129,97
3,3211,100
4,3285,102
5,3358,104
6,3430,107
7,3495,109
8,3560,111
9,3621,113
10,3677,114
11,3732,116
12,3786,118
13,3834,119
14,3880,121
15,3928,122
16,3971,124
17,4015,125
18,4053,126
19,3861,120
20,3675,114
21,3499,109
22,3335,104
23,3176,99
24,3028,94
25,2885,90
26,2749,85
27,2623,81
28,2505,78
29,2384,74
30,2275,71
31,2168,67
32,2068,64
33,1971,61
34,1880,58
35,1793,56
36,1710,53
37,1631,50
38,1556,48
39,1483,46
40,1417,44
41,1352,42
42,1291,40
43,1230,38
44,1174,36
45,1119,34
46,1070,33
47,1019,31
48,974,30
49,927,28
50,886,27
51,843,26
52,962,30
53,1153,36
54,1336,41
55,1504,47
56,1667,52
57,1818,56
58,1962,61
59,2100,65
60,2232,69
61,2356,73
62,2475,77
63,2587,80
64,2693,84
65,2795,87
66,2894,90
67,2984,93
68,3075,96
69,3157,98
70,3235,101
71,3310,103
72,3384,105
73,3452,107
74,3519,109
75,3580,111
76,3641,113
77,3695,115
78,3752,117
79,3804,118
80,3853,120
81,3899,121
82,3944,123
83,3986,124
84,4028,125
85,3992,124
86,3797,118
87,3614,112
88,3441,107
89,3279,102
90,3126,97
91,2980,93
92,2839,88
93,2707,84
94,2580,80
95,2460,76
96,2344,73
97,2236,69
98,2133,66
99,2035,63
100,1941,60
101,1850,57
102,1765,55
103,1684,52
104,1604,50
105,1533,47
106,1461,45
107,1395,43
108,1329,41
109,1269,39
110,1209,37
111,1155,36
112,1102,34
113,1052,32
114,1003,31
115,958,29
116,913,28
117,872,27
118,833,26
119,1031,32
120,1215,37
121,1393,43
122,1560,48
123,1719,53
124,1868,58
125,2012,62
126,2145,67
127,2276,71
128,2397,74
129,2515,78
130,2625,82
131,2729,85
132,2828,88
133,2924,91
134,3017,94
135,3102,96
136,3181,99
137,3263,101
138,3336,104
139,3408,106
140,3475,108
141,3540,110
142,3598,112
143,3660,114
144,3716,116
145,3771,117
146,3819,119
147,3868,120
148,3916,122
149,3960,123
150,4000,125
151,4041,126
152,3923,122
153,3734,116
154,3556,111
155,3388,105
156,3226,100
157,3076,96
158,2932,91
159,2793,87
160,2663,83
161,2539,79
162,2419,75
163,2308,72
164,2202,68
165,2098,65
166,2002,62
167,1909,59
168,1821,56
169,1735,54
170,1657,51
171,1579,49
172,1509,47
173,1439,44
174,1373,42
175,1310,40
176,1249,39
177,1192,37
178,1137,35
179,1085,33
180,1036,32
181,987,30
182,943,29
183,899,28
184,859,26
185,895,27
186,1094,34
187,1278,39
188,1451,45
189,1615,50
190,1770,55
191,1919,59
192,2058,64
193,2189,68
194,2317,72
195,2437,76
196,2552,79
197,2660,83
198,2764,86
199,2861,89
200,2956,92
201,3045,95
202,3130,97
203,3210,100
204,3288,102
205,3360,105
206,3430,107
207,3496,109
208,3560,111
209,3620,113
210,3679,114
211,3733,116
212,3786,118
213,3836,119
214,3886,121
215,3931,122
216,3973,124
217,4015,125
218,4054,126
219,3857,120
220,3673,114
221,3497,109
222,3330,104
223,3176,99
224,3025,94
225,2883,90
226,2748,85
227,2622,81
228,2493,77
229,2382,74
230,2271,70
231,2166,67
232,2064,64
233,1971,61
234,1878,58
235,1792,56
236,1709,53
237,1631,50
238,1555,48
239,1483,46
240,1418,44
241,1350,42
242,1288,40
243,1230,38
244,1173,36
245,1119,34
246,1067,33
247,1020,31
248,972,30
249,929,29
250,886,27
251,846,26
252,965,30
253,1156,36
254,1339,41
255,1508,47
256,1668,52
257,1821,56
258,1966,61
259,2104,65
260,2234,69
261,2353,73
262,2476,77
263,2591,80
264,2696,84
265,2799,87
266,2895,90
267,2986,93
268,3076,96
269,3158,98
270,3236,101
271,3312,103
272,3383,105
273,3455,107
274,3519,109
275,3581,111
276,3640,113
277,3698,115
278,3752,117
279,3804,118
280,3852,120
281,3900,121
282,3944,123
283,3988,124
284,4028,125
285,3990,124
286,3794,118
287,3613,112
288,3438,107
289,3275,102
290,3122,97
291,2975,92
292,2839,88
293,2706,84
294,2579,80
295,2459,76
296,2344,73
297,2235,69
298,2131,66
299,2033,63
300,1939,60
301,1848,57
302,1763,55
303,1681,52
304,1605,50
305,1531,47
306,1460,45
307,1392,43
308,1329,41
309,1259,39
310,1210,37
311,1153,36
312,1102,34
313,1051,32
314,1002,31
315,958,29
316,914,28
317,872,27
318,832,26
319,1030,32
320,1220,38
321,1397,43
322,1564,48
323,1721,53
324,1871,58
325,2015,62
326,2148,67
327,2277,71
328,2396,74
329,2515,78
330,2628,82
331,2730,85
332,2831,88
333,2926,91
334,3018,94
335,3099,96
336,3186,99
337,3263,101
338,3337,104
339,3408,106
340,3477,108
341,3541,110
342,3603,112
343,3661,114
344,3717,116
345,3770,117
346,3820,119
347,3868,120
348,3915,122
349,3960,123
350,4000,125
351,4042,126
352,3922,122
353,3730,116
354,3550,110
355,3383,105
356,3220,100
357,3070,95
358,2928,91
359,2789,87
360,2661,83
361,2537,79
362,2418,75
363,2307,72
364,2199,68
365,2096,65
366,1999,62
367,1908,59
368,1819,56
369,1736,54
370,1656,51
371,1579,49
372,1504,47
373,1436,44
374,1371,42
375,1308,40
376,1248,39
377,1190,37
378,1135,35
379,1085,33
380,1033,32
381,987,30
382,942,29
383,896,28
384,861,26
385,902,28
386,1096,34
387,1282,40
388,1454,45
389,1621,50
390,1773,55
391,1920,60
392,2060,64
393,2193,68
394,2319,72
395,2441,76
396,2553,79
397,2663,83
398,2766,86
399,2865,89
400,2957,92
401,3045,95
402,3132,97
403,3214,100
404,3288,102
405,3363,105
406,3432,107
407,3501,109
408,3561,111
409,3623,113
410,3678,114
411,3735,116
412,3786,118
413,3839,119
414,3884,121
415,3932,122
416,3974,124
417,4015,125
418,4054,126
419,3853,120
420,3668,114
421,3494,109
422,3327,103
423,3171,99
424,3023,94
425,2880,90
426,2745,85
427,2617,81
428,2496,78
429,2380,74
430,2267,70
431,2164,67
432,2063,64
433,1968,61
434,1875,58
435,1791,55
436,1709,53
437,1630,50
438,1556,48
439,1482,46
440,1416,44
441,1349,42
442,1288,40
443,1228,38
444,1171,36
445,1118,34
446,1066,33
447,1019,31
448,971,30
449,926,28
450,885,27
451,845,26
452,970,30
453,1161,36
454,1343,41
455,1511,47
456,1672,52
457,1824,57
458,1969,61
459,2107,65
460,2238,69
461,2361,73
462,2480,77
463,2591,80
464,2697,84
465,2801,87
466,2897,90
467,2989,93
468,3078,96
469,3160,98
470,3239,101
471,3314,103
472,3388,105
473,3454,107
474,3521,110
475,3583,111
476,3644,113
477,3698,115
478,3754,117
479,3804,118
480,3853,120
481,3901,121
482,3946,123
483,3988,124
484,4029,125
485,3984,124
486,3789,118
487,3607,112
488,3436,107
489,3273,102
490,3120,97
491,2973,92
492,2834,88
493,2703,84
494,2575,80
495,2456,76
496,2341,73
497,2232,69
498,2130,66
499,2030,63
0,1328,41
1,1267,39
2,1209,37
3,1154,36
4,1101,34
5,1046,32
6,1003,31
7,955,29
8,912,28
9,871,27
10,831,25
11,1033,32
12,1218,38
13,1397,43
14,1566,48
15,1722,53
16,1873,58
17,2015,62
18,2149,67
19,2278,71
20,2401,75
21,2516,78
22,2627,82
23,2733,85
24,2832,88
25,2928,91
26,3017,94
27,3104,97
28,3185,99
29,3264,102
30,3338,104
31,3408,106
32,3478,108
33,3542,110
34,3603,112
35,3660,114
36,3717,116
37,3770,117
38,3821,119
39,3869,120
40,3914,122
41,3960,123
42,4002,125
43,4042,126
44,3917,122
45,3727,116
46,3543,110
47,3381,105
48,3222,100
49,3069,95
50,2925,91
51,2788,87
52,2658,83
53,2534,79
54,2416,75
55,2303,71
56,2197,68
57,2094,65
58,1999,62
59,1906,59
60,1816,56
61,1733,54
62,1651,51
63,1577,49
64,1503,46
65,1437,44
66,1369,42
67,1305,40
68,1244,38
69,1189,37
70,1134,35
71,1083,33
72,1033,32
73,984,30
74,941,29
75,896,28
76,857,26
77,905,28
78,1100,34
79,1283,40
80,1459,45
81,1622,50
82,1777,55
83,1921,60
84,2062,64
85,2196,68
86,2321,72
87,2440,76
88,2557,79
89,2665,83
90,2769,86
91,2865,89
92,2959,92
93,3046,95
94,3133,97
95,3211,100
96,3290,102
97,3361,105
98,3433,107
99,3498,109
100,3564,111
101,3623,113
102,3682,115
103,3736,116
104,3789,118
105,3838,119
106,3885,121
107,3930,122
108,3973,124
109,4016,125
110,4048,126
111,3849,120
112,3664,114
113,3490,109
114,3325,103
115,3168,99
116,3019,94
117,2879,89
118,2743,85
119,2617,81
120,2496,78
121,2376,74
122,2267,70
123,2161,67
124,2059,64
125,1965,61
126,1874,58
127,1788,55
128,1706,53
129,1628,50
130,1551,48
131,1481,46
132,1412,44
133,1347,42
134,1284,40
135,1228,38
136,1169,36
137,1118,34
138,1065,33
139,1015,31
140,971,30
141,925,28
142,883,27
143,843,26
144,974,30
145,1167,36
146,1344,42
147,1517,47
148,1675,52
149,1828,57
150,1973,61
151,2110,65
152,2238,69
153,2364,73
154,2480,77
155,2594,81
156,2702,84
157,2802,87
158,2899,90
159,2991,93
160,3073,96
161,3160,98
162,3240,101
163,3316,103
164,3388,105
165,3456,108
166,3520,110
167,3584,112
168,3644,113
169,3702,115
170,3756,117
171,3808,119
172,3854,120
173,3901,121
174,3946,123
175,3991,124
176,4030,125
177,3979,124
178,3784,118
179,3602,112
180,3432,107
181,3269,102
182,3116,97
183,2969,92
184,2830,88
185,2697,84
186,2572,80
187,2453,76
188,2337,73
189,2229,69
190,2126,66
191,2028,63
192,1933,60
193,1844,57
194,1760,55
195,1678,52
196,1600,50
197,1526,47
198,1456,45
199,1388,43
200,1325,41
201,1265,39
202,1208,37
203,1153,36
204,1099,34
205,1048,32
206,1001,31
207,955,29
208,910,28
209,869,27
210,841,26
211,1040,32
212,1229,38
213,1405,43
214,1571,49
215,1729,54
216,1881,58
217,2020,63
218,2158,67
219,2284,71
220,2406,75
221,2520,78
222,2631,82
223,2738,85
224,2838,88
225,2933,91
226,3023,94
227,3108,97
228,3190,99
229,3266,102
230,3341,104
231,3412,106
232,3479,108
233,3544,110
234,3606,112
235,3664,114
236,3720,116
237,3775,117
238,3823,119
239,3872,121
240,3918,122
241,3960,123
242,4003,125
243,4043,126
244,3907,122
245,3719,116
246,3542,110
247,3374,105
248,3215,100
249,3063,95
250,2920,91
251,2783,86
252,2653,82
253,2530,79
254,2410,75
255,2300,71
256,2191,68
257,2090,65
258,1992,62
259,1901,59
260,1811,56
261,1730,54
262,1650,51
263,1575,49
264,1501,46
265,1432,44
266,1366,42
267,1303,40
268,1243,38
269,1187,37
270,1132,35
271,1082,33
272,1030,32
273,985,30
274,939,29
275,895,27
276,856,26
277,912,28
278,1109,34
279,1293,40
280,1466,45
281,1630,50
282,1783,55
283,1930,60
284,2068,64
285,2203,68
286,2328,72
287,2448,76
288,2560,80
289,2669,83
290,2772,86
291,2869,89
292,2963,92
293,3052,95
294,3136,98
295,3213,100
296,3293,102
297,3368,105
298,3435,107
299,3503,109
300,3564,111
301,3627,113
302,3685,115
303,3739,116
304,3790,118
305,3840,120
306,3887,121
307,3934,122
308,3977,124
309,4018,125
310,4037,126
311,3841,120
312,3655,114
313,3482,108
314,3317,103
315,3161,98
316,3012,94
317,2872,89
318,2737,85
319,2610,81
320,2487,77
321,2369,74
322,2257,70
323,2156,67
324,2058,64
325,1961,61
326,1870,58
327,1784,55
328,1703,53
329,1623,50
330,1548,48
331,1478,46
332,1409,44
333,1345,42
334,1282,40
335,1224,38
336,1169,36
337,1113,34
338,1064,33
339,1014,31
340,967,30
341,922,28
342,882,27
343,843,26
344,984,30
345,1174,36
346,1353,42
347,1522,47
348,1684,52
349,1834,57
350,1979,61
351,2114,66
352,2246,70
353,2370,74
354,2488,77
355,2598,81
356,2704,84
357,2808,87
358,2905,90
359,2994,93
360,3082,96
361,3164,98
362,3250,101
363,3318,103
364,3391,105
365,3458,108
366,3524,110
367,3589,112
368,3646,113
369,3706,115
370,3756,117
371,3807,118
372,3857,120
373,3904,122
374,3949,123
375,3990,124
376,4031,125
377,3967,123
378,3777,118
379,3594,112
380,3422,106
381,3262,101
382,3108,97
383,2962,92
384,2824,88
385,2693,84
386,2567,80
387,2447,76
388,2332,72
389,2226,69
390,2117,66
391,2023,63
392,1930,60
393,1839,57
394,1754,54
395,1674,52
396,1598,49
397,1525,47
398,1452,45
399,1387,43
400,1322,41
401,1263,39
402,1205,37
403,1149,35
404,1097,34
405,1046,32
406,1000,31
407,952,29
408,909,28
409,868,27
410,849,26
411,1051,32
412,1237,38
413,1411,44
414,1578,49
415,1735,54
416,1884,58
417,2028,63
418,2161,67
419,2289,71
420,2411,75
421,2528,79
422,2637,82
423,2741,85
424,2838,88
425,2936,91
426,3025,94
427,3111,97
428,3194,99
429,3270,102
430,3343,104
431,3416,106
432,3482,108
433,3546,110
434,3606,112
435,3668,114
436,3720,116
437,3778,118
438,3824,119
439,3873,121
440,3918,122
441,3964,123
442,4005,125
443,4045,126
444,3900,121
445,3712,116
446,3535,110
447,3369,105
448,3209,100
449,3056,95
450,2914,91
451,2777,86
452,2647,82
453,2524,78
454,2408,75
455,2296,71
456,2190,68
457,2085,65
458,1990,62
459,1897,59
460,1810,56
461,1726,53
462,1648,51
463,1572,49
464,1499,46
465,1428,44
466,1364,42
467,1299,40
468,1242,38
469,1185,37
470,1130,35
471,1079,33
472,1030,32
473,981,30
474,937,29
475,895,27
476,855,26
477,921,28
478,1116,34
479,1297,40
480,1470,45
481,1634,51
482,1789,55
483,1936,60
484,2073,64
485,2206,68
486,2332,72
487,2451,76
488,2565,80
489,2672,83
490,2776,86
491,2873,89
492,2967,92
493,3055,95
494,3140,98
495,3219,100
496,3297,103
497,3369,105
498,3438,107
499,3504,109
0,3883,121
1,3931,122
2,3973,124
3,4015,125
4,4054,126
5,3859,120
6,3672,114
7,3499,109
8,3329,104
9,3175,99
10,3025,94
11,2884,90
12,2749,85
13,2621,81
14,2497,78
15,2382,74
16,2271,70
17,2167,67
18,2064,64
19,1971,61
20,1878,58
21,1792,56
22,1710,53
23,1630,50
24,1555,48
25,1483,46
26,1414,44
27,1351,42
28,1289,40
29,1229,38
30,1172,36
31,1121,35
32,1068,33
33,1020,31
34,972,30
35,929,29
36,885,27
37,846,26
38,961,30
39,1155,36
40,1335,41
41,1505,47
42,1662,51
43,1820,56
44,1964,61
45,2103,65
46,2233,69
47,2357,73
48,2473,77
49,2586,80
50,2693,84
51,2798,87
52,2894,90
53,2987,93
54,3073,96
55,3159,98
56,3235,101
57,3311,103
58,3383,105
59,3452,107
60,3516,109
61,3580,111
62,3640,113
63,3698,115
64,3750,117
65,3803,118
66,3853,120
67,3898,121
68,3941,123
69,3986,124
70,4026,125
71,3989,124
72,3794,118
73,3614,112
74,3441,107
75,3281,102
76,3125,97
77,2978,93
78,2839,88
79,2706,84
80,2579,80
81,2459,76
82,2345,73
83,2235,69
84,2132,66
85,2032,63
86,1941,60
87,1850,57
88,1765,55
89,1683,52
90,1605,50
91,1532,47
92,1461,45
93,1393,43
94,1329,41
95,1269,39
96,1209,37
97,1154,36
98,1102,34
99,1051,32
100,1007,31
101,958,29
102,914,28
103,873,27
104,833,26
105,1029,32
106,1217,38
107,1394,43
108,1561,48
109,1719,53
110,1870,58
111,2010,62
112,2147,67
113,2274,71
114,2398,74
115,2513,78
116,2624,82
117,2730,85
118,2829,88
119,2924,91
120,3017,94
121,3101,96
122,3185,99
123,3261,101
124,3333,104
125,3405,106
126,3474,108
127,3539,110
128,3602,112
129,3660,114
130,3715,116
131,3770,117
132,3820,119
133,3866,120
134,3915,122
135,3958,123
136,3998,124
137,4040,126
138,3922,122
139,3732,116
140,3554,111
141,3386,105
142,3225,100
143,3074,96
144,2932,91
145,2794,87
146,2662,83
147,2539,79
148,2419,75
149,2307,72
150,2200,68
151,2100,65
152,2000,62
153,1910,59
154,1819,56
155,1735,54
156,1655,51
157,1580,49
158,1507,47
159,1438,44
160,1372,42
161,1309,40
162,1249,39
163,1194,37
164,1136,35
165,1086,33
166,1035,32
167,987,30
168,941,29
169,899,28
170,858,26
171,897,28
172,1093,34
173,1279,39
174,1450,45
175,1615,50
176,1770,55
177,1918,59
178,2058,64
179,2191,68
180,2315,72
181,2437,76
182,2550,79
183,2660,83
184,2766,86
185,2863,89
186,2955,92
187,3045,95
188,3130,97
189,3210,100
190,3286,102
191,3359,104
192,3430,107
193,3497,109
194,3560,111
195,3622,113
196,3679,114
197,3735,116
198,3785,118
199,3835,119
200,3882,121
201,3929,122
202,3973,124
203,4014,125
204,4053,126
205,3859,120
206,3673,114
207,3497,109
208,3332,104
209,3175,99
210,3024,94
211,2884,90
212,2748,85
213,2620,81
214,2497,78
215,2381,74
216,2271,70
217,2165,67
218,2067,64
219,1971,61
220,1879,58
221,1792,56
222,1708,53
223,1631,50
224,1555,48
225,1483,46
226,1414,44
227,1353,42
228,1289,40
229,1232,38
230,1173,36
231,1121,35
232,1068,33
233,1018,31
234,971,30
235,928,29
236,885,27
237,845,26
238,963,30
239,1156,36
240,1337,41
241,1507,47
242,1670,52
243,1820,56
244,1965,61
245,2104,65
246,2232,69
247,2357,73
248,2475,77
249,2590,80
250,2695,84
251,2798,87
252,2893,90
253,2986,93
254,3073,96
255,3156,98
256,3237,101
257,3313,103
258,3383,105
259,3453,107
260,3516,109
261,3582,111
262,3640,113
263,3698,115
264,3751,117
265,3803,118
266,3850,120
267,3899,121
268,3946,123
269,3987,124
270,4027,125
271,3989,124
272,3794,118
273,3613,112
274,3441,107
275,3277,102
276,3124,97
277,2977,93
278,2837,88
279,2704,84
280,2579,80
281,2458,76
282,2345,73
283,2235,69
284,2133,66
285,2033,63
286,1940,60
287,1848,57
288,1763,55
289,1681,52
290,1603,50
291,1530,47
292,1461,45
293,1393,43
294,1329,41
295,1268,39
296,1210,37
297,1153,36
298,1101,34
299,1051,32
300,1004,31
301,957,29
302,914,28
303,871,27
304,831,25
305,1030,32
306,1217,38
307,1395,43
308,1561,48
309,1721,53
310,1870,58
311,2014,62
312,2148,67
313,2276,71
314,2398,74
315,2512,78
316,2626,82
317,2730,85
318,2831,88
319,2926,91
320,3017,94
321,3102,96
322,3185,99
323,3260,101
324,3337,104
325,3406,106
326,3474,108
327,3538,110
328,3602,112
329,3661,114
330,3716,116
331,3770,117
332,3820,119
333,3869,120
334,3915,122
335,3958,123
336,4001,125
337,4040,126
338,3922,122
339,3733,116
340,3553,111
341,3385,105
342,3225,100
343,3074,96
344,2929,91
345,2794,87
346,2661,83
347,2538,79
348,2420,75
349,2307,72
350,2200,68
351,2099,65
352,2001,62
353,1911,59
354,1819,56
355,1735,54
356,1656,51
357,1578,49
358,1508,47
359,1438,44
360,1371,42
361,1309,40
362,1249,39
363,1192,37
364,1137,35
365,1084,33
366,1035,32
367,989,30
368,943,29
369,900,28
370,857,26
371,898,28
372,1093,34
373,1278,39
374,1450,45
375,1615,50
376,1772,55
377,1918,59
378,2057,64
379,2191,68
380,2316,72
381,2437,76
382,2553,79
383,2661,83
384,2763,86
385,2862,89
386,2955,92
387,3045,95
388,3130,97
389,3211,100
390,3287,102
391,3360,105
392,3430,107
393,3499,109
394,3561,111
395,3623,113
396,3678,114
397,3732,116
398,3784,118
399,3838,119
400,3885,121
401,3930,122
402,3973,124
403,4013,125
404,4053,126
405,3857,120
406,3671,114
407,3494,109
408,3330,104
409,3176,99
410,3023,94
411,2882,90
412,2749,85
413,2621,81
414,2497,78
415,2382,74
416,2270,70
417,2167,67
418,2064,64
419,1969,61
420,1878,58
421,1793,56
422,1709,53
423,1631,50
424,1554,48
425,1483,46
426,1414,44
427,1350,42
428,1288,40
429,1231,38
430,1172,36
431,1120,35
432,1067,33
433,1020,31
434,971,30
435,927,28
436,883,27
437,845,26
438,963,30
439,1156,36
440,1337,41
441,1508,47
442,1668,52
443,1823,56
444,1965,61
445,2104,65
446,2233,69
447,2357,73
448,2475,77
449,2588,80
450,2696,84
451,2797,87
452,2894,90
453,2986,93
454,3072,96
455,3158,98
456,3237,101
457,3313,103
458,3384,105
459,3454,107
460,3517,109
461,3580,111
462,3640,113
463,3697,115
464,3751,117
465,3804,118
466,3852,120
467,3900,121
468,3943,123
469,3987,124
470,4026,125
471,3989,124
472,3796,118
473,3615,112
474,3441,107
475,3277,102
476,3125,97
477,2978,93
478,2839,88
479,2707,84
480,2579,80
481,2459,76
482,2346,73
483,2236,69
484,2132,66
485,2032,63
486,1939,60
487,1850,57
488,1765,55
489,1682,52
490,1606,50
491,1531,47
492,1461,45
493,1392,43
494,1331,41
495,1268,39
496,1211,37
497,1153,36
498,1103,34
499,1052,32
0,891,27
1,850,26
2,936,29
3,1129,35
4,1310,40
5,1480,46
6,1645,51
7,1798,56
8,1943,60
9,2081,65
10,2212,69
11,2339,73
12,2458,76
13,2571,80
14,2678,83
15,2775,86
16,2878,89
17,2973,92
18,3060,95
19,3146,98
20,3224,100
21,3299,103
22,3373,105
23,3443,107
24,3508,109
25,3571,111
26,3632,113
27,3689,115
28,3742,116
29,3794,118
30,3842,120
31,3892,121
32,3936,123
33,3982,124
34,4020,125
35,4021,125
36,3824,119
37,3640,113
38,3467,108
39,3302,103
40,3148,98
41,3000,93
42,2859,89
43,2727,85
44,2600,81
45,2479,77
46,2362,73
47,2252,70
48,2149,67
49,2048,64
50,1953,61
51,1862,58
52,1777,55
53,1695,52
54,1618,50
55,1543,48
56,1471,45
57,1406,43
58,1339,41
59,1277,39
60,1221,38
61,1163,36
62,1112,34
63,1059,33
64,1013,31
65,963,30
66,919,28
67,879,27
68,838,26
69,1000,31
70,1188,37
71,1367,42
72,1535,47
73,1693,52
74,1846,57
75,1989,62
76,2126,66
77,2256,70
78,2379,74
79,2496,78
80,2609,81
81,2715,84
82,2815,87
83,2911,90
84,3002,93
85,3089,96
86,3172,99
87,3250,101
88,3327,103
89,3395,106
90,3466,108
91,3528,110
92,3593,112
93,3651,114
94,3706,115
95,3762,117
96,3813,119
97,3860,120
98,3907,122
99,3950,123
100,3994,124
101,4035,126
102,3954,123
103,3764,117
104,3582,111
105,3411,106
106,3250,101
107,3098,96
108,2955,92
109,2815,87
110,2685,83
111,2558,79
112,2437,76
113,2324,72
114,2217,69
115,2116,66
116,2016,63
117,1923,60
118,1834,57
119,1749,54
120,1667,52
121,1594,49
122,1518,47
123,1449,45
124,1381,43
125,1319,41
126,1259,39
127,1202,37
128,1144,35
129,1095,34
130,1042,32
131,995,31
132,949,29
133,906,28
134,865,27
135,864,27
136,1061,33
137,1249,39
138,1422,44
139,1589,49
140,1745,54
141,1894,59
142,2035,63
143,2171,67
144,2296,71
145,2418,75
146,2532,79
147,2645,82
148,2748,85
149,2848,89
150,2943,91
151,3031,94
152,3115,97
153,3196,99
154,3273,102
155,3348,104
156,3418,106
157,3486,108
158,3549,110
159,3612,112
160,3671,114
161,3725,116
162,3778,118
163,3828,119
164,3875,121
165,3922,122
166,3964,123
167,4008,125
168,4046,126
169,3889,121
170,3701,115
171,3527,110
172,3359,104
173,3199,99
174,3051,95
175,2907,90
176,2772,86
177,2643,82
178,2518,78
179,2400,75
180,2290,71
181,2182,68
182,2082,65
183,1985,62
184,1895,59
185,1806,56
186,1722,53
187,1644,51
188,1567,48
189,1495,46
190,1427,44
191,1360,42
192,1299,40
193,1239,38
194,1185,37
195,1128,35
196,1077,33
197,1026,32
198,982,30
199,934,29
200,893,27
201,844,26
202,930,29
203,1123,35
204,1307,40
205,1477,46
206,1643,51
207,1797,56
208,1942,60
209,2081,65
210,2212,69
211,2336,73
212,2457,76
213,2569,80
214,2678,83
215,2780,86
216,2878,89
217,2971,92
218,3059,95
219,3143,98
220,3225,100
221,3302,103
222,3373,105
223,3441,107
224,3507,109
225,3570,111
226,3633,113
227,3685,115
228,3742,116
229,3796,118
230,3845,120
231,3892,121
232,3940,123
233,3980,124
234,4023,125
235,4022,125
236,3827,119
237,3644,113
238,3470,108
239,3305,103
240,3150,98
241,3002,93
242,2861,89
243,2728,85
244,2601,81
245,2479,77
246,2364,73
247,2253,70
248,2150,67
249,2051,64
250,1954,61
251,1865,58
252,1777,55
253,1697,53
254,1617,50
255,1543,48
256,1473,46
257,1405,43
258,1339,41
259,1280,40
260,1221,38
261,1166,36
262,1110,34
263,1062,33
264,1013,31
265,965,30
266,919,28
267,879,27
268,837,26
269,996,31
270,1184,37
271,1365,42
272,1531,47
273,1693,52
274,1843,57
275,1987,62
276,2123,66
277,2254,70
278,2376,74
279,2494,77
280,2606,81
281,2713,84
282,2813,87
283,2910,90
284,2999,93
285,3088,96
286,3169,99
287,3248,101
288,3324,103
289,3396,106
290,3466,108
291,3529,110
292,3589,112
293,3651,114
294,3708,115
295,3764,117
296,3811,119
297,3860,120
298,3905,122
299,3953,123
300,3994,124
301,4034,126
302,3956,123
303,3766,117
304,3586,112
305,3415,106
306,3253,101
307,3099,96
308,2955,92
309,2815,87
310,2683,83
311,2559,79
312,2440,76
313,2326,72
314,2220,69
315,2114,66
316,2019,63
317,1923,60
318,1835,57
319,1750,54
320,1669,52
321,1592,49
322,1521,47
323,1450,45
324,1383,43
325,1318,41
326,1259,39
327,1203,37
328,1144,35
329,1093,34
330,1044,32
331,996,31
332,950,29
333,905,28
334,864,27
335,863,26
336,1060,33
337,1247,38
338,1421,44
339,1587,49
340,1745,54
341,1892,59
342,2035,63
343,2167,67
344,2297,71
345,2418,75
346,2531,79
347,2642,82
348,2748,85
349,2847,88
350,2941,91
351,3030,94
352,3115,97
353,3196,99
354,3275,102
355,3347,104
356,3419,106
357,3486,108
358,3550,110
359,3610,112
360,3670,114
361,3724,116
362,3778,118
363,3827,119
364,3876,121
365,3922,122
366,3966,123
367,4007,125
368,4046,126
369,3888,121
370,3702,115
371,3526,110
372,3359,104
373,3199,99
374,3050,95
375,2907,90
376,2772,86
377,2642,82
378,2519,78
379,2401,75
380,2290,71
381,2182,68
382,2081,65
383,1984,62
384,1895,59
385,1805,56
386,1724,53
387,1643,51
388,1569,49
389,1494,46
390,1426,44
391,1360,42
392,1298,40
393,1238,38
394,1183,36
395,1128,35
396,1078,33
397,1026,32
398,980,30
399,934,29
400,890,27
401,850,26
402,932,29
403,1126,35
404,1307,40
405,1477,46
406,1642,51
407,1795,56
408,1940,60
409,2078,64
410,2212,69
411,2336,73
412,2457,76
413,2570,80
414,2678,83
415,2779,86
416,2879,89
417,2970,92
418,3060,95
419,3143,98
420,3224,100
421,3300,103
422,3373,105
423,3442,107
424,3506,109
425,3569,111
426,3631,113
427,3686,115
428,3743,116
429,3794,118
430,3846,120
431,3892,121
432,3935,122
433,3978,124
434,4021,125
435,4022,125
436,3827,119
437,3643,113
438,3469,108
439,3306,103
440,3147,98
441,3001,93
442,2861,89
443,2729,85
444,2600,81
445,2479,77
446,2362,73
447,2254,70
448,2148,67
449,2050,64
450,1953,61
451,1865,58
452,1778,55
453,1696,53
454,1618,50
455,1546,48
456,1471,45
457,1405,43
458,1339,41
459,1279,39
460,1219,38
461,1165,36
462,1111,34
463,1059,33
464,1013,31
465,964,30
466,920,28
467,880,27
468,838,26
469,996,31
470,1185,37
471,1365,42
472,1534,47
473,1694,52
474,1844,57
475,1988,62
476,2124,66
477,2254,70
478,2375,74
479,2496,78
480,2605,81
481,2712,84
482,2812,87
483,2910,90
484,3001,93
485,3087,96
486,3170,99
487,3249,101
488,3324,103
489,3396,106
490,3463,108
491,3528,110
492,3590,112
493,3650,114
494,3705,115
495,3762,117
496,3812,119
497,3862,120
498,3906,122
499,3951,123
0,2862,89
1,2728,85
2,2603,81
3,2480,77
4,2365,73
5,2255,70
6,2149,67
7,2050,64
8,1954,61
9,1863,58
10,1778,55
11,1695,52
12,1619,50
13,1543,48
14,1472,46
15,1404,43
16,1341,41
17,1278,39
18,1219,38
19,1163,36
20,1113,34
21,1063,33
22,1013,31
23,965,30
24,921,28
25,880,27
26,838,26
27,995,31
28,1186,37
29,1364,42
30,1533,47
31,1693,52
32,1844,57
33,1986,62
34,2124,66
35,2252,70
36,2376,74
37,2494,77
38,2607,81
39,2712,84
40,2815,87
41,2909,90
42,3001,93
43,3088,96
44,3170,99
45,3249,101
46,3324,103
47,3397,106
48,3463,108
49,3528,110
50,3592,112
51,3650,114
52,3705,115
53,3760,117
54,3814,119
55,3859,120
56,3906,122
57,3950,123
58,3992,124
59,4034,126
60,3957,123
61,3763,117
62,3584,112
63,3417,106
64,3253,101
65,3101,96
66,2954,92
67,2816,88
68,2686,83
69,2559,79
70,2441,76
71,2326,72
72,2217,69
73,2116,66
74,2017,63
75,1924,60
76,1834,57
77,1751,54
78,1669,52
79,1593,49
80,1520,47
81,1451,45
82,1383,43
83,1320,41
84,1259,39
85,1202,37
86,1147,35
87,1094,34
88,1045,32
89,996,31
90,950,29
91,907,28
92,864,27
93,862,26
94,1059,33
95,1247,38
96,1422,44
97,1586,49
98,1743,54
99,1891,59
100,2034,63
101,2168,67
102,2295,71
103,2417,75
104,2530,79
105,2641,82
106,2745,85
107,2845,88
108,2940,91
109,3030,94
110,3116,97
111,3198,99
112,3274,102
113,3347,104
114,3418,106
115,3488,109
116,3549,110
117,3613,112
118,3668,114
119,3722,116
120,3775,117
121,3826,119
122,3874,121
123,3923,122
124,3964,123
125,4008,125
126,4048,126
127,3892,121
128,3703,115
129,3525,110
130,3360,105
131,3201,100
132,3050,95
133,2908,90
134,2773,86
135,2643,82
136,2521,78
137,2401,75
138,2290,71
139,2184,68
140,2083,65
141,1984,62
142,1894,59
143,1806,56
144,1724,53
145,1643,51
146,1567,48
147,1497,46
148,1428,44
149,1359,42
150,1300,40
151,1238,38
152,1184,37
153,1128,35
154,1077,33
155,1027,32
156,981,30
157,935,29
158,894,27
159,851,26
160,929,29
161,1124,35
162,1309,40
163,1477,46
164,1640,51
165,1793,56
166,1940,60
167,2078,64
168,2212,69
169,2334,72
170,2457,76
171,2567,80
172,2679,83
173,2778,86
174,2877,89
175,2971,92
176,3060,95
177,3140,98
178,3223,100
179,3300,103
180,3372,105
181,3438,107
182,3506,109
183,3568,111
184,3630,113
185,3686,115
186,3742,116
187,3796,118
188,3843,120
189,3891,121
190,3936,123
191,3979,124
192,4020,125
193,4024,125
194,3830,119
195,3644,113
196,3471,108
197,3307,103
198,3151,98
199,3002,93
200,2862,89
201,2728,85
202,2602,81
203,2480,77
204,2366,73
205,2255,70
206,2150,67
207,2050,64
208,1956,61
209,1863,58
210,1778,55
211,1696,53
212,1617,50
213,1544,48
214,1473,46
215,1406,43
216,1343,41
217,1279,39
218,1219,38
219,1164,36
220,1110,34
221,1059,33
222,1012,31
223,965,30
224,921,28
225,880,27
226,839,26
227,994,31
228,1184,37
229,1363,42
230,1531,47
231,1692,52
232,1844,57
233,1987,62
234,2122,66
235,2253,70
236,2376,74
237,2495,77
238,2607,81
239,2711,84
240,2814,87
241,2907,90
242,3000,93
243,3088,96
244,3171,99
245,3248,101
246,3322,103
247,3394,106
248,3464,108
249,3528,110
250,3592,112
251,3649,114
252,3705,115
253,3757,117
254,3810,119
255,3858,120
256,3906,122
257,3949,123
258,3994,124
259,4032,126
260,3960,123
261,3767,117
262,3586,112
263,3416,106
264,3255,101
265,3103,96
266,2956,92
267,2819,88
268,2686,83
269,2563,80
270,2440,76
271,2328,72
272,2219,69
273,2116,66
274,2018,63
275,1926,60
276,1835,57
277,1752,54
278,1671,52
279,1594,49
280,1520,47
281,1451,45
282,1383,43
283,1319,41
284,1258,39
285,1201,37
286,1147,35
287,1095,34
288,1043,32
289,995,31
290,950,29
291,906,28
292,865,27
293,861,26
294,1059,33
295,1246,38
296,1421,44
297,1587,49
298,1743,54
299,1892,59
300,2032,63
301,2168,67
302,2295,71
303,2417,75
304,2531,79
305,2644,82
306,2746,85
307,2846,88
308,2939,91
309,3030,94
310,3113,97
311,3196,99
312,3275,102
313,3347,104
314,3417,106
315,3486,108
316,3549,110
317,3610,112
318,3667,114
319,3725,116
320,3776,118
321,3828,119
322,3875,121
323,3920,122
324,3962,123
325,4006,125
326,4046,126
327,3893,121
328,3704,115
329,3528,110
330,3359,104
331,3201,100
332,3050,95
333,2909,90
334,2774,86
335,2644,82
336,2519,78
337,2403,75
338,2290,71
339,2183,68
340,2083,65
341,1986,62
342,1896,59
343,1806,56
344,1726,53
345,1645,51
346,1568,49
347,1495,46
348,1425,44
349,1360,42
350,1300,40
351,1239,38
352,1183,36
353,1128,35
354,1080,33
355,1026,32
356,980,30
357,934,29
358,893,27
359,852,26
360,928,29
361,1122,35
362,1306,40
363,1476,46
364,1640,51
365,1793,56
366,1940,60
367,2079,64
368,2210,69
369,2335,72
370,2455,76
371,2568,80
372,2677,83
373,2779,86
374,2877,89
375,2970,92
376,3058,95
377,3142,98
378,3223,100
379,3298,103
380,3370,105
381,3440,107
382,3506,109
383,3569,111
384,3631,113
385,3686,115
386,3742,116
387,3794,118
388,3844,120
389,3890,121
390,3935,122
391,3979,124
392,4021,125
393,4024,125
394,3828,119
395,3642,113
396,3470,108
397,3307,103
398,3150,98
399,3003,93
400,2863,89
401,2729,85
402,2601,81
403,2480,77
404,2365,73
405,2253,70
406,2149,67
407,2048,64
408,1955,61
409,1863,58
410,1779,55
411,1694,52
412,1619,50
413,1544,48
414,1468,45
415,1404,43
416,1340,41
417,1278,39
418,1220,38
419,1165,36
420,1116,34
421,1059,33
422,1013,31
423,963,30
424,921,28
425,877,27
426,839,26
427,993,31
428,1186,37
429,1365,42
430,1532,47
431,1691,52
432,1843,57
433,1986,62
434,2123,66
435,2251,70
436,2375,74
437,2494,77
438,2607,81
439,2712,84
440,2813,87
441,2908,90
442,3001,93
443,3087,96
444,3170,99
445,3247,101
446,3324,103
447,3394,106
448,3465,108
449,3527,110
450,3589,112
451,3649,114
452,3704,115
453,3760,117
454,3808,119
455,3862,120
456,3907,122
457,3951,123
458,3994,124
459,4032,126
460,3957,123
461,3763,117
462,3585,112
463,3412,106
464,3252,101
465,3100,96
466,2956,92
467,2817,88
468,2687,83
469,2560,80
470,2440,76
471,2327,72
472,2218,69
473,2116,66
474,2017,63
475,1924,60
476,1835,57
477,1750,54
478,1669,52
479,1592,49
480,1519,47
481,1449,45
482,1383,43
483,1320,41
484,1256,39
485,1201,37
486,1146,35
487,1092,34
488,1043,32
489,996,31
490,950,29
491,906,28
492,864,27
493,862,26
494,1060,33
495,1248,39
496,1422,44
497,1588,49
498,1744,54
499,1893,59
0,2400,75
1,2519,78
2,2627,82
3,2732,85
4,2833,88
5,2927,91
6,3017,94
7,3103,96
8,3185,99
9,3263,101
10,3340,104
11,3410,106
12,3478,108
13,3541,110
14,3602,112
15,3660,114
16,3715,116
17,3768,117
18,3822,119
19,3870,120
20,3914,122
21,3959,123
22,4002,125
23,4041,126
24,3918,122
25,3727,116
26,3550,110
27,3379,105
28,3222,100
29,3070,95
30,2926,91
31,2789,87
32,2660,83
33,2533,79
34,2416,75
35,2304,72
36,2197,68
37,2095,65
38,1997,62
39,1906,59
40,1818,56
41,1735,54
42,1655,51
43,1578,49
44,1505,47
45,1436,44
46,1368,42
47,1307,40
48,1246,38
49,1190,37
50,1136,35
51,1084,33
52,1034,32
53,988,30
54,941,29
55,899,28
56,855,26
57,901,28
58,1098,34
59,1284,40
60,1456,45
61,1620,50
62,1774,55
63,1922,60
64,2059,64
65,2197,68
66,2320,72
67,2441,76
68,2555,79
69,2664,83
70,2766,86
71,2865,89
72,2958,92
73,3047,95
74,3133,97
75,3214,100
76,3288,102
77,3365,105
78,3431,107
79,3498,109
80,3562,111
81,3624,113
82,3683,115
83,3735,116
84,3790,118
85,3838,119
86,3884,121
87,3932,122
88,3973,124
89,4016,125
90,4048,126
91,3853,120
92,3667,114
93,3498,109
94,3327,103
95,3169,99
96,3021,94
97,2879,89
98,2746,85
99,2618,81
100,2495,77
101,2379,74
102,2269,70
103,2163,67
104,2064,64
105,1965,61
106,1876,58
107,1790,55
108,1707,53
109,1630,50
110,1553,48
111,1480,46
112,1413,44
113,1348,42
114,1286,40
115,1227,38
116,1171,36
117,1117,34
118,1066,33
119,1017,31
120,971,30
121,928,29
122,884,27
123,845,26
124,970,30
125,1163,36
126,1342,41
127,1511,47
128,1672,52
129,1824,57
130,1971,61
131,2108,65
132,2237,69
133,2361,73
134,2480,77
135,2592,81
136,2698,84
137,2800,87
138,2898,90
139,2989,93
140,3075,96
141,3159,98
142,3238,101
143,3314,103
144,3385,105
145,3454,107
146,3519,109
147,3582,111
148,3644,113
149,3700,115
150,3754,117
151,3806,118
152,3853,120
153,3900,121
154,3946,123
155,3986,124
156,4028,125
157,3983,124
158,3790,118
159,3607,112
160,3438,107
161,3274,102
162,3119,97
163,2973,92
164,2832,88
165,2702,84
166,2574,80
167,2456,76
168,2340,73
169,2232,69
170,2129,66
171,2029,63
172,1936,60
173,1847,57
174,1760,55
175,1681,52
176,1602,50
177,1529,47
178,1459,45
179,1390,43
180,1327,41
181,1265,39
182,1209,37
183,1154,36
184,1098,34
185,1050,32
186,1001,31
187,956,29
188,912,28
189,871,27
190,837,26
191,1035,32
192,1224,38
193,1400,43
194,1567,48
195,1726,53
196,1874,58
197,2017,63
198,2151,67
199,2279,71
200,2401,75
201,2519,78
202,2628,82
203,2735,85
204,2833,88
205,2929,91
206,3017,94
207,3106,97
208,3188,99
209,3265,102
210,3340,104
211,3411,106
212,3478,108
213,3542,110
214,3601,112
215,3661,114
216,3716,116
217,3772,117
218,3822,119
219,3871,120
220,3916,122
221,3961,123
222,4002,125
223,4041,126
224,3916,122
225,3727,116
226,3549,110
227,3379,105
228,3222,100
229,3069,95
230,2927,91
231,2788,87
232,2658,83
233,2534,79
234,2415,75
235,2304,72
236,2197,68
237,2094,65
238,1998,62
239,1905,59
240,1817,56
241,1733,54
242,1653,51
243,1577,49
244,1505,47
245,1436,44
246,1370,42
247,1305,40
248,1248,39
249,1188,37
250,1136,35
251,1082,33
252,1033,32
253,986,30
254,940,29
255,897,28
256,856,26
257,904,28
258,1101,34
259,1283,40
260,1457,45
261,1623,50
262,1778,55
263,1923,60
264,2062,64
265,2195,68
266,2323,72
267,2441,76
268,2558,79
269,2665,83
270,2769,86
271,2867,89
272,2958,92
273,3048,95
274,3133,97
275,3211,100
276,3290,102
277,3364,105
278,3433,107
279,3498,109
280,3561,111
281,3622,113
282,3680,115
283,3737,116
284,3789,118
285,3839,119
286,3885,121
287,3931,122
288,3975,124
289,4016,125
290,4048,126
291,3850,120
292,3666,114
293,3493,109
294,3327,103
295,3169,99
296,3019,94
297,2877,89
298,2741,85
299,2617,81
300,2494,77
301,2378,74
302,2269,70
303,2163,67
304,2061,64
305,1965,61
306,1873,58
307,1788,55
308,1705,53
309,1629,50
310,1551,48
311,1481,46
312,1412,44
313,1347,42
314,1286,40
315,1226,38
316,1170,36
317,1121,35
318,1065,33
319,1017,31
320,971,30
321,925,28
322,883,27
323,843,26
324,973,30
325,1163,36
326,1346,42
327,1514,47
328,1676,52
329,1827,57
330,1972,61
331,2110,65
332,2239,69
333,2364,73
334,2482,77
335,2595,81
336,2702,84
337,2802,87
338,2897,90
339,2990,93
340,3076,96
341,3162,98
342,3240,101
343,3316,103
344,3385,105
345,3457,108
346,3520,110
347,3584,112
348,3644,113
349,3702,115
350,3756,117
351,3806,118
352,3854,120
353,3902,121
354,3945,123
355,3988,124
356,4029,125
357,3980,124
358,3787,118
359,3605,112
360,3434,107
361,3270,102
362,3116,97
363,2969,92
364,2831,88
365,2700,84
366,2574,80
367,2454,76
368,2339,73
369,2230,69
370,2126,66
371,2027,63
372,1936,60
373,1844,57
374,1760,55
375,1678,52
376,1602,50
377,1528,47
378,1458,45
379,1389,43
380,1327,41
381,1266,39
382,1208,37
383,1151,35
384,1100,34
385,1048,32
386,1001,31
387,955,29
388,911,28
389,870,27
390,838,26
391,1039,32
392,1226,38
393,1402,43
394,1569,49
395,1726,53
396,1877,58
397,2018,63
398,2156,67
399,2281,71
400,2405,75
401,2521,78
402,2630,82
403,2737,85
404,2835,88
405,2930,91
406,3021,94
407,3108,97
408,3190,99
409,3267,102
410,3341,104
411,3412,106
412,3479,108
413,3542,110
414,3604,112
415,3662,114
416,3719,116
417,3772,117
418,3821,119
419,3870,120
420,3916,122
421,3961,123
422,4004,125
423,4043,126
424,3913,122
425,3722,116
426,3545,110
427,3376,105
428,3216,100
429,3065,95
430,2920,91
431,2785,87
432,2656,83
433,2531,79
434,2414,75
435,2303,71
436,2196,68
437,2094,65
438,1995,62
439,1905,59
440,1815,56
441,1732,54
442,1651,51
443,1577,49
444,1503,46
445,1434,44
446,1367,42
447,1306,40
448,1244,38
449,1190,37
450,1135,35
451,1083,33
452,1031,32
453,984,30
454,940,29
455,895,27
456,855,26
457,909,28
458,1105,34
459,1289,40
460,1459,45
461,1625,50
462,1779,55
463,1929,60
464,2066,64
465,2200,68
466,2325,72
467,2439,76
468,2559,79
469,2667,83
470,2770,86
471,2868,89
472,2962,92
473,3050,95
474,3135,97
475,3216,100
476,3292,102
477,3366,105
478,3435,107
479,3502,109
480,3565,111
481,3624,113
482,3683,115
483,3736,116
484,3790,118
485,3839,119
486,3886,121
487,3930,122
488,3976,124
489,4018,125
490,4044,126
491,3846,120
492,3661,114
493,3487,108
494,3321,103
495,3165,98
496,3015,94
497,2874,89
498,2740,85
499,2612,81
0,1483,46
1,1416,44
2,1344,42
3,1288,40
4,1230,38
5,1173,36
6,1119,34
7,1067,33
8,1018,31
9,971,30
10,928,29
11,885,27
12,844,26
13,964,30
14,1156,36
15,1337,41
16,1509,47
17,1668,52
18,1823,56
19,1964,61
20,2105,65
21,2235,69
22,2359,73
23,2477,77
24,2590,80
25,2698,84
26,2798,87
27,2893,90
28,2988,93
29,3073,96
30,3158,98
31,3237,101
32,3315,103
33,3383,105
34,3454,107
35,3518,109
36,3581,111
37,3640,113
38,3699,115
39,3754,117
40,3806,118
41,3851,120
42,3901,121
43,3942,123
44,3988,124
45,4028,125
46,3988,124
47,3791,118
48,3611,112
49,3435,107
50,3276,102
51,3119,97
52,2975,92
53,2835,88
54,2704,84
55,2576,80
56,2458,76
57,2343,73
58,2235,69
59,2129,66
60,2032,63
61,1935,60
62,1848,57
63,1762,55
64,1681,52
65,1602,50
66,1528,47
67,1458,45
68,1392,43
69,1326,41
70,1268,39
71,1209,37
72,1154,36
73,1100,34
74,1051,32
75,1001,31
76,956,29
77,906,28
78,870,27
79,831,25
80,1033,32
81,1219,38
82,1399,43
83,1564,48
84,1716,53
85,1872,58
86,2015,62
87,2149,67
88,2279,71
89,2398,74
90,2516,78
91,2625,82
92,2731,85
93,2832,88
94,2927,91
95,3018,94
96,3103,96
97,3185,99
98,3264,102
99,3337,104
100,3409,106
101,3476,108
102,3542,110
103,3604,112
104,3661,114
105,3716,116
106,3770,117
107,3820,119
108,3870,120
109,3916,122
110,3963,123
111,4000,125
112,4041,126
113,3916,122
114,3730,116
115,3547,110
116,3382,105
117,3223,100
118,3070,95
119,2927,91
120,2789,87
121,2663,83
122,2535,79
123,2418,75
124,2304,72
125,2198,68
126,2095,65
127,1998,62
128,1902,59
129,1819,56
130,1732,54
131,1655,51
132,1577,49
133,1505,47
134,1437,44
135,1371,42
136,1307,40
137,1246,38
138,1189,37
139,1136,35
140,1084,33
141,1034,32
142,983,30
143,941,29
144,895,27
145,855,26
146,903,28
147,1100,34
148,1282,40
149,1456,45
150,1620,50
151,1775,55
152,1920,60
153,2061,64
154,2193,68
155,2322,72
156,2440,76
157,2556,79
158,2663,83
159,2768,86
160,2864,89
161,2959,92
162,3049,95
163,3131,97
164,3214,100
165,3290,102
166,3362,105
167,3433,107
168,3502,109
169,3563,111
170,3622,113
171,3682,115
172,3735,116
173,3787,118
174,3836,119
175,3885,121
176,3930,122
177,3974,124
178,4016,125
179,4036,126
180,3853,120
181,3667,114
182,3491,109
183,3325,103
184,3170,99
185,3020,94
186,2879,89
187,2747,85
188,2619,81
189,2495,77
190,2378,74
191,2267,70
192,2162,67
193,2061,64
194,1968,61
195,1875,58
196,1790,55
197,1708,53
198,1628,50
199,1553,48
200,1481,46
201,1411,44
202,1348,42
203,1288,40
204,1227,38
205,1175,36
206,1117,34
207,1067,33
208,1019,31
209,970,30
210,925,28
211,884,27
212,844,26
213,970,30
214,1164,36
215,1341,41
216,1512,47
217,1670,52
218,1826,57
219,1970,61
220,2109,65
221,2237,69
222,2363,73
223,2478,77
224,2592,81
225,2699,84
226,2801,87
227,2896,90
228,2989,93
229,3076,96
230,3160,98
231,3236,101
232,3314,103
233,3386,105
234,3455,107
235,3520,110
236,3584,112
237,3643,113
238,3700,115
239,3752,117
240,3806,118
241,3852,120
242,3902,121
243,3946,123
244,3989,124
245,4030,125
246,3981,124
247,3788,118
248,3605,112
249,3435,107
250,3272,102
251,3119,97
252,2973,92
253,2835,88
254,2700,84
255,2575,80
256,2453,76
257,2340,73
258,2231,69
259,2129,66
260,2028,63
261,1936,60
262,1845,57
263,1763,55
264,1679,52
265,1603,50
266,1529,47
267,1459,45
268,1390,43
269,1328,41
270,1263,39
271,1209,37
272,1152,36
273,1101,34
274,1047,32
275,1001,31
276,955,29
277,914,28
278,869,27
279,840,26
280,1037,32
281,1225,38
282,1401,43
283,1570,49
284,1723,53
285,1876,58
286,2018,63
287,2152,67
288,2279,71
289,2402,75
290,2517,78
291,2629,82
292,2734,85
293,2835,88
294,2929,91
295,3020,94
296,3104,97
297,3188,99
298,3266,102
299,3339,104
300,3411,106
301,3478,108
302,3541,110
303,3604,112
304,3660,114
305,3717,116
306,3770,117
307,3823,119
308,3869,120
309,3916,122
310,3961,123
311,4002,125
312,4041,126
313,3914,122
314,3724,116
315,3548,110
316,3379,105
317,3220,100
318,3070,95
319,2924,91
320,2788,87
321,2659,83
322,2532,79
323,2416,75
324,2301,71
325,2195,68
326,2094,65
327,1996,62
328,1906,59
329,1816,56
330,1732,54
331,1652,51
332,1577,49
333,1504,47
334,1436,44
335,1367,42
336,1306,40
337,1245,38
338,1188,37
339,1136,35
340,1082,33
341,1032,32
342,988,30
343,940,29
344,899,28
345,855,26
346,904,28
347,1102,34
348,1284,40
349,1458,45
350,1622,50
351,1776,55
352,1923,60
353,2061,64
354,2198,68
355,2322,72
356,2442,76
357,2557,79
358,2666,83
359,2768,86
360,2866,89
361,2960,92
362,3048,95
363,3134,97
364,3213,100
365,3291,102
366,3362,105
367,3432,107
368,3500,109
369,3561,111
370,3624,113
371,3684,115
372,3739,116
373,3789,118
374,3839,119
375,3885,121
376,3932,122
377,3973,124
378,4017,125
379,4046,126
380,3852,120
381,3665,114
382,3488,109
383,3325,103
384,3166,98
385,3020,94
386,2878,89
387,2744,85
388,2617,81
389,2493,77
390,2378,74
391,2267,70
392,2161,67
393,2061,64
394,1966,61
395,1875,58
396,1788,55
397,1708,53
398,1627,50
399,1553,48
400,1480,46
401,1414,44
402,1347,42
403,1286,40
404,1227,38
405,1172,36
406,1116,34
407,1066,33
408,1016,31
409,969,30
410,926,28
411,884,27
412,843,26
413,971,30
414,1163,36
415,1344,42
416,1514,47
417,1674,52
418,1827,57
419,1973,61
420,2107,65
421,2239,69
422,2363,73
423,2482,77
424,2591,80
425,2700,84
426,2802,87
427,2897,90
428,2990,93
429,3077,96
430,3159,98
431,3241,101
432,3315,103
433,3387,105
434,3454,107
435,3520,110
436,3584,112
437,3644,113
438,3700,115
439,3754,117
440,3804,118
441,3853,120
442,3900,121
443,3946,123
444,3987,124
445,4030,125
446,3980,124
447,3787,118
448,3605,112
449,3432,107
450,3271,102
451,3117,97
452,2970,92
453,2832,88
454,2700,84
455,2574,80
456,2454,76
457,2337,73
458,2231,69
459,2125,66
460,2029,63
461,1935,60
462,1845,57
463,1760,55
464,1678,52
465,1601,50
466,1527,47
467,1458,45
468,1391,43
469,1326,41
470,1266,39
471,1206,37
472,1151,35
473,1098,34
474,1048,32
475,1000,31
476,955,29
477,912,28
478,870,27
479,837,26
480,1038,32
481,1225,38
482,1403,43
483,1568,49
484,1727,53
485,1875,58
486,2019,63
487,2152,67
488,2283,71
489,2401,75
490,2521,78
491,2629,82
492,2734,85
493,2834,88
494,2929,91
495,3019,94
496,3106,97
497,3189,99
498,3267,102
499,3339,104
0,3695,115
1,3751,117
2,3803,118
3,3851,120
4,3898,121
5,3942,123
6,3985,124
7,4024,125
8,3996,124
9,3798,118
10,3618,113
11,3444,107
12,3283,102
13,3124,97
14,2980,93
15,2840,88
16,2706,84
17,2581,80
18,2461,76
19,2347,73
20,2238,69
21,2133,66
22,2035,63
23,1941,60
24,1851,57
25,1766,55
26,1683,52
27,1607,50
28,1533,47
29,1462,45
30,1397,43
31,1331,41
32,1270,39
33,1214,37
34,1155,36
35,1104,34
36,1052,32
37,1004,31
38,959,29
39,913,28
40,874,27
41,833,26
42,1027,32
43,1213,37
44,1391,43
45,1561,48
46,1720,53
47,1866,58
48,2011,62
49,2145,67
50,2274,71
51,2394,74
52,2512,78
53,2626,82
54,2730,85
55,2830,88
56,2927,91
57,3014,94
58,3102,96
59,3183,99
60,3264,102
61,3336,104
62,3408,106
63,3476,108
64,3539,110
65,3602,112
66,3659,114
67,3717,116
68,3768,117
69,3820,119
70,3869,120
71,3914,122
72,3959,123
73,3999,124
74,4040,126
75,3925,122
76,3734,116
77,3557,111
78,3387,105
79,3229,100
80,3075,96
81,2934,91
82,2795,87
83,2663,83
84,2542,79
85,2423,75
86,2310,72
87,2202,68
88,2100,65
89,2002,62
90,1909,59
91,1820,56
92,1736,54
93,1658,51
94,1581,49
95,1508,47
96,1439,44
97,1372,42
98,1310,40
99,1251,39
100,1192,37
101,1139,35
102,1086,33
103,1036,32
104,989,30
105,943,29
106,899,28
107,859,26
108,895,27
109,1092,34
110,1276,39
111,1450,45
112,1614,50
113,1770,55
114,1918,59
115,2056,64
116,2188,68
117,2317,72
118,2436,76
119,2552,79
120,2661,83
121,2765,86
122,2861,89
123,2956,92
124,3044,95
125,3130,97
126,3210,100
127,3288,102
128,3361,105
129,3431,107
130,3495,109
131,3560,111
132,3619,113
133,3678,114
134,3735,116
135,3786,118
136,3839,119
137,3884,121
138,3929,122
139,3972,124
140,4014,125
141,4054,126
142,3860,120
143,3675,114
144,3499,109
145,3331,104
146,3177,99
147,3026,94
148,2885,90
149,2751,85
150,2623,81
151,2499,78
152,2384,74
153,2273,71
154,2167,67
155,2065,64
156,1970,61
157,1879,58
158,1792,56
159,1711,53
160,1630,50
161,1557,48
162,1483,46
163,1416,44
164,1351,42
165,1288,40
166,1231,38
167,1174,36
168,1122,35
169,1070,33
170,1019,31
171,973,30
172,927,28
173,885,27
174,846,26
175,964,30
176,1156,36
177,1336,41
178,1509,47
179,1666,52
180,1820,56
181,1965,61
182,2102,65
183,2234,69
184,2358,73
185,2476,77
186,2589,80
187,2694,84
188,2798,87
189,2895,90
190,2986,93
191,3076,96
192,3157,98
193,3236,101
194,3310,103
195,3380,105
196,3453,107
197,3519,109
198,3582,111
199,3641,113
200,3697,115
201,3751,117
202,3803,118
203,3852,120
204,3900,121
205,3945,123
206,3989,124
207,4027,125
208,3990,124
209,3796,118
210,3612,112
211,3443,107
212,3279,102
213,3127,97
214,2979,93
215,2838,88
216,2705,84
217,2579,80
218,2462,76
219,2346,73
220,2236,69
221,2133,66
222,2033,63
223,1939,60
224,1849,57
225,1763,55
226,1684,52
227,1607,50
228,1531,47
229,1462,45
230,1393,43
231,1329,41
232,1268,39
233,1211,37
234,1155,36
235,1102,34
236,1052,32
237,1005,31
238,959,29
239,915,28
240,872,27
241,833,26
242,1029,32
243,1217,38
244,1395,43
245,1562,48
246,1720,53
247,1869,58
248,2012,62
249,2148,67
250,2275,71
251,2398,74
252,2513,78
253,2627,82
254,2732,85
255,2830,88
256,2926,91
257,3017,94
258,3103,96
259,3185,99
260,3262,101
261,3336,104
262,3407,106
263,3473,108
264,3541,110
265,3602,112
266,3659,114
267,3715,116
268,3768,117
269,3820,119
270,3868,120
271,3914,122
272,3959,123
273,4003,125
274,4041,126
275,3922,122
276,3734,116
277,3554,111
278,3386,105
279,3227,100
280,3075,96
281,2930,91
282,2794,87
283,2663,83
284,2539,79
285,2420,75
286,2309,72
287,2201,68
288,2098,65
289,2001,62
290,1907,59
291,1821,56
292,1736,54
293,1657,51
294,1581,49
295,1506,47
296,1439,44
297,1373,42
298,1308,40
299,1248,39
300,1193,37
301,1136,35
302,1086,33
303,1034,32
304,990,30
305,943,29
306,900,28
307,858,26
308,899,28
309,1093,34
310,1279,39
311,1453,45
312,1615,50
313,1771,55
314,1918,59
315,2057,64
316,2190,68
317,2317,72
318,2439,76
319,2552,79
320,2661,83
321,2765,86
322,2863,89
323,2955,92
324,3046,95
325,3130,97
326,3211,100
327,3288,102
328,3360,105
329,3430,107
330,3498,109
331,3561,111
332,3621,113
333,3680,115
334,3735,116
335,3785,118
336,3838,119
337,3887,121
338,3931,122
339,3972,124
340,4015,125
341,4054,126
342,3858,120
343,3672,114
344,3498,109
345,3332,104
346,3174,99
347,3025,94
348,2884,90
349,2749,85
350,2622,81
351,2499,78
352,2382,74
353,2272,71
354,2166,67
355,2067,64
356,1969,61
357,1878,58
358,1791,55
359,1708,53
360,1631,50
361,1555,48
362,1484,46
363,1416,44
364,1349,42
365,1290,40
366,1228,38
367,1174,36
368,1118,34
369,1067,33
370,1019,31
371,971,30
372,929,29
373,886,27
374,844,26
375,966,30
376,1156,36
377,1339,41
378,1509,47
379,1669,52
380,1821,56
381,1966,61
382,2104,65
383,2235,69
384,2360,73
385,2476,77
386,2588,80
387,2697,84
388,2797,87
389,2895,90
390,2987,93
391,3075,96
392,3159,98
393,3238,101
394,3311,103
395,3381,105
396,3455,107
397,3518,109
398,3580,111
399,3642,113
400,3698,115
401,3753,117
402,3804,118
403,3854,120
404,3900,121
405,3942,123
406,3986,124
407,4028,125
408,3989,124
409,3793,118
410,3611,112
411,3438,107
412,3276,102
413,3123,97
414,2976,93
415,2836,88
416,2705,84
417,2578,80
418,2459,76
419,2344,73
420,2235,69
421,2130,66
422,2032,63
423,1938,60
424,1848,57
425,1763,55
426,1682,52
427,1604,50
428,1529,47
429,1461,45
430,1392,43
431,1328,41
432,1268,39
433,1208,37
434,1154,36
435,1102,34
436,1054,32
437,1004,31
438,959,29
439,914,28
440,873,27
441,832,26
442,1032,32
443,1219,38
444,1396,43
445,1563,48
446,1722,53
447,1871,58
448,2015,62
449,2151,67
450,2278,71
451,2399,74
452,2516,78
453,2628,82
454,2734,85
455,2831,88
456,2927,91
457,3017,94
458,3105,97
459,3186,99
460,3263,101
461,3337,104
462,3408,106
463,3477,108
464,3540,110
465,3601,112
466,3660,114
467,3717,116
468,3772,117
469,3821,119
470,3870,120
471,3916,122
472,3959,123
473,4002,125
474,4041,126
475,3919,122
476,3730,116
477,3552,111
478,3383,105
479,3224,100
480,3072,96
481,2925,91
482,2791,87
483,2661,83
484,2536,79
485,2419,75
486,2305,72
487,2200,68
488,2098,65
489,2000,62
490,1907,59
491,1818,56
492,1736,54
493,1657,51
494,1579,49
495,1506,47
496,1437,44
497,1370,42
498,1308,40
499,1249,39
0,913,28
1,872,27
2,834,26
3,1028,32
4,1216,38
5,1392,43
6,1560,48
7,1715,53
8,1869,58
9,2010,62
10,2146,67
11,2273,71
12,2396,74
13,2512,78
14,2625,82
15,2728,85
16,2830,88
17,2924,91
18,3017,94
19,3101,96
20,3182,99
21,3261,101
22,3335,104
23,3407,106
24,3474,108
25,3538,110
26,3602,112
27,3660,114
28,3716,116
29,3771,117
30,3821,119
31,3867,120
32,3915,122
33,3960,123
34,4000,125
35,4038,126
36,3924,122
37,3735,116
38,3556,111
39,3387,105
40,3227,100
41,3074,96
42,2931,91
43,2793,87
44,2663,83
45,2538,79
46,2421,75
47,2306,72
48,2202,68
49,2099,65
50,2000,62
51,1911,59
52,1820,56
53,1737,54
54,1656,51
55,1581,49
56,1507,47
57,1438,44
58,1372,42
59,1308,40
60,1247,38
61,1193,37
62,1136,35
63,1086,33
64,1035,32
65,987,30
66,941,29
67,899,28
68,859,26
69,895,27
70,1091,34
71,1279,39
72,1451,45
73,1616,50
74,1770,55
75,1918,59
76,2057,64
77,2190,68
78,2316,72
79,2432,76
80,2550,79
81,2660,83
82,2765,86
83,2863,89
84,2956,92
85,3046,95
86,3129,97
87,3211,100
88,3285,102
89,3360,105
90,3428,107
91,3496,109
92,3560,111
93,3621,113
94,3680,115
95,3735,116
96,3787,118
97,3838,119
98,3884,121
99,3931,122
100,3973,124
101,4015,125
102,4052,126
103,3859,120
104,3671,114
105,3496,109
106,3332,104
107,3176,99
108,3027,94
109,2885,90
110,2749,85
111,2622,81
112,2498,78
113,2381,74
114,2272,71
115,2165,67
116,2066,64
117,1969,61
118,1879,58
119,1791,55
120,1709,53
121,1630,50
122,1556,48
123,1486,46
124,1416,44
125,1349,42
126,1289,40
127,1228,38
128,1173,36
129,1118,34
130,1069,33
131,1019,31
132,972,30
133,927,28
134,886,27
135,843,26
136,965,30
137,1158,36
138,1337,41
139,1505,47
140,1668,52
141,1820,56
142,1966,61
143,2102,65
144,2234,69
145,2356,73
146,2475,77
147,2589,80
148,2694,84
149,2798,87
150,2894,90
151,2986,93
152,3075,96
153,3158,98
154,3237,101
155,3313,103
156,3388,105
157,3453,107
158,3518,109
159,3580,111
160,3641,113
161,3696,115
162,3752,117
163,3802,118
164,3852,120
165,3898,121
166,3945,123
167,3986,124
168,4029,125
169,3990,124
170,3796,118
171,3612,112
172,3445,107
173,3279,102
174,3125,97
175,2977,93
176,2837,88
177,2706,84
178,2580,80
179,2459,76
180,2344,73
181,2234,69
182,2129,66
183,2036,63
184,1938,60
185,1850,57
186,1763,55
187,1682,52
188,1604,50
189,1531,47
190,1460,45
191,1395,43
192,1329,41
193,1269,39
194,1210,37
195,1155,36
196,1104,34
197,1051,32
198,1003,31
199,958,29
200,911,28
201,870,27
202,830,25
203,1029,32
204,1218,38
205,1393,43
206,1563,48
207,1719,53
208,1869,58
209,2011,62
210,2146,67
211,2277,71
212,2396,74
213,2516,78
214,2624,82
215,2730,85
216,2831,88
217,2925,91
218,3015,94
219,3100,96
220,3182,99
221,3265,102
222,3335,104
223,3407,106
224,3474,108
225,3540,110
226,3602,112
227,3660,114
228,3714,116
229,3768,117
230,3821,119
231,3869,120
232,3913,122
233,3960,123
234,4000,125
235,4043,126
236,3922,122
237,3733,116
238,3554,111
239,3383,105
240,3225,100
241,3074,96
242,2931,91
243,2794,87
244,2663,83
245,2537,79
246,2421,75
247,2306,72
248,2199,68
249,2097,65
250,2000,62
251,1909,59
252,1821,56
253,1737,54
254,1655,51
255,1581,49
256,1509,47
257,1438,44
258,1373,42
259,1308,40
260,1249,39
261,1192,37
262,1138,35
263,1084,33
264,1035,32
265,985,30
266,945,29
267,899,28
268,858,26
269,897,28
270,1094,34
271,1277,39
272,1453,45
273,1614,50
274,1772,55
275,1918,59
276,2060,64
277,2190,68
278,2315,72
279,2439,76
280,2552,79
281,2660,83
282,2765,86
283,2862,89
284,2955,92
285,3045,95
286,3130,97
287,3210,100
288,3290,102
289,3362,105
290,3431,107
291,3496,109
292,3560,111
293,3620,113
294,3678,114
295,3734,116
296,3788,118
297,3836,119
298,3885,121
299,3929,122
300,3973,124
301,4013,125
302,4053,126
303,3858,120
304,3674,114
305,3495,109
306,3332,104
307,3175,99
308,3025,94
309,2884,90
310,2749,85
311,2623,81
312,2499,78
313,2383,74
314,2272,71
315,2165,67
316,2065,64
317,1970,61
318,1876,58
319,1791,55
320,1709,53
321,1631,50
322,1555,48
323,1479,46
324,1414,44
325,1349,42
326,1289,40
327,1230,38
328,1173,36
329,1121,35
330,1066,33
331,1020,31
332,971,30
333,927,28
334,885,27
335,843,26
336,966,30
337,1157,36
338,1338,41
339,1508,47
340,1666,52
341,1822,56
342,1965,61
343,2102,65
344,2233,69
345,2358,73
346,2476,77
347,2589,80
348,2696,84
349,2798,87
350,2893,90
351,2987,93
352,3074,96
353,3158,98
354,3237,101
355,3312,103
356,3383,105
357,3453,107
358,3519,109
359,3583,111
360,3639,113
361,3699,115
362,3751,117
363,3806,118
364,3853,120
365,3899,121
366,3944,123
367,3988,124
368,4028,125
369,3989,124
370,3794,118
371,3612,112
372,3440,107
373,3279,102
374,3123,97
375,2976,93
376,2839,88
377,2704,84
378,2580,80
379,2458,76
380,2344,73
381,2238,69
382,2132,66
383,2033,63
384,1940,60
385,1847,57
386,1764,55
387,1683,52
388,1603,50
389,1531,47
390,1461,45
391,1393,43
392,1331,41
393,1267,39
394,1211,37
395,1155,36
396,1102,34
397,1052,32
398,1004,31
399,957,29
400,914,28
401,871,27
402,831,25
403,1029,32
404,1216,38
405,1394,43
406,1562,48
407,1720,53
408,1871,58
409,2011,62
410,2148,67
411,2274,71
412,2398,74
413,2516,78
414,2626,82
415,2730,85
416,2832,88
417,2924,91
418,3016,94
419,3103,96
420,3187,99
421,3264,102
422,3338,104
423,3406,106
424,3476,108
425,3540,110
426,3602,112
427,3661,114
428,3716,116
429,3770,117
430,3819,119
431,3868,120
432,3914,122
433,3958,123
434,4001,125
435,4040,126
436,3925,122
437,3732,116
438,3554,111
439,3385,105
440,3224,100
441,3076,96
442,2929,91
443,2795,87
444,2664,83
445,2537,79
446,2421,75
447,2307,72
448,2199,68
449,2100,65
450,2000,62
451,1908,59
452,1819,56
453,1736,54
454,1655,51
455,1580,49
456,1507,47
457,1440,45
458,1372,42
459,1309,40
460,1251,39
461,1191,37
462,1136,35
463,1085,33
464,1035,32
465,989,30
466,943,29
467,898,28
468,858,26
469,896,28
470,1093,34
471,1277,39
472,1449,45
473,1616,50
474,1770,55
475,1916,59
476,2058,64
477,2189,68
478,2316,72
479,2440,76
480,2551,79
481,2661,83
482,2763,86
483,2863,89
484,2954,92
485,3044,95
486,3128,97
487,3212,100
488,3287,102
489,3362,105
490,3430,107
491,3497,109
492,3560,111
493,3620,113
494,3678,114
495,3734,116
496,3787,118
497,3838,119
498,3884,121
499,3931,122
0,3237,101
1,3086,96
2,2942,91
3,2802,87
4,2672,83
5,2547,79
6,2428,75
7,2316,72
8,2209,69
9,2099,65
10,2007,62
11,1916,59
12,1826,57
13,1743,54
14,1663,51
15,1584,49
16,1512,47
17,1442,45
18,1376,43
19,1312,41
20,1253,39
21,1195,37
22,1142,35
23,1089,34
24,1040,32
25,990,30
26,945,29
27,901,28
28,862,26
29,882,27
30,1079,33
31,1263,39
32,1438,44
33,1602,50
34,1760,55
35,1908,59
36,2047,63
37,2180,68
38,2308,72
39,2429,75
40,2542,79
41,2652,82
42,2758,86
43,2856,89
44,2950,92
45,3038,94
46,3125,97
47,3204,100
48,3284,102
49,3353,104
50,3425,107
51,3490,109
52,3556,111
53,3616,113
54,3675,114
55,3729,116
56,3783,118
57,3833,119
58,3880,121
59,3924,122
60,3970,124
61,4012,125
62,4054,126
63,3871,120
64,3684,115
65,3507,109
66,3340,104
67,3185,99
68,3035,94
69,2893,90
70,2756,86
71,2630,82
72,2507,78
73,2390,74
74,2279,71
75,2175,67
76,2070,64
77,1977,61
78,1884,58
79,1797,56
80,1714,53
81,1636,51
82,1562,48
83,1489,46
84,1418,44
85,1355,42
86,1291,40
87,1233,38
88,1175,36
89,1123,35
90,1069,33
91,1023,31
92,974,30
93,933,29
94,889,27
95,848,26
96,951,29
97,1145,35
98,1323,41
99,1497,46
100,1658,51
101,1809,56
102,1956,61
103,2093,65
104,2225,69
105,2348,73
106,2468,77
107,2582,80
108,2688,84
109,2792,87
110,2888,90
111,2984,93
112,3068,95
113,3152,98
114,3233,101
115,3308,103
116,3379,105
117,3449,107
118,3512,109
119,3577,111
120,3638,113
121,3693,115
122,3748,117
123,3800,118
124,3848,120
125,3898,121
126,3943,123
127,3986,124
128,4026,125
129,4004,125
130,3807,118
131,3626,113
132,3452,107
133,3289,102
134,3135,97
135,2987,93
136,2844,88
137,2714,84
138,2588,80
139,2467,77
140,2354,73
141,2243,70
142,2139,66
143,2039,63
144,1945,60
145,1855,57
146,1771,55
147,1687,52
148,1610,50
149,1535,47
150,1466,45
151,1397,43
152,1333,41
153,1272,39
154,1215,37
155,1162,36
156,1105,34
157,1054,32
158,1008,31
159,960,30
160,917,28
161,872,27
162,834,26
163,1016,31
164,1206,37
165,1383,43
166,1552,48
167,1708,53
168,1859,58
169,1999,62
170,2138,66
171,2267,70
172,2389,74
173,2507,78
174,2618,81
175,2722,85
176,2822,88
177,2920,91
178,3010,94
179,3097,96
180,3180,99
181,3255,101
182,3332,104
183,3404,106
184,3471,108
185,3536,110
186,3599,112
187,3655,114
188,3712,116
189,3765,117
190,3818,119
191,3865,120
192,3912,122
193,3956,123
194,3997,124
195,4037,126
196,3938,123
197,3746,117
198,3565,111
199,3397,106
200,3235,101
201,3084,96
202,2938,91
203,2803,87
204,2672,83
205,2547,79
206,2429,75
207,2316,72
208,2207,68
209,2105,65
210,2007,62
211,1916,59
212,1826,57
213,1738,54
214,1662,51
215,1585,49
216,1510,47
217,1443,45
218,1376,43
219,1313,41
220,1248,39
221,1197,37
222,1139,35
223,1087,33
224,1037,32
225,992,31
226,945,29
227,906,28
228,861,26
229,884,27
230,1080,33
231,1266,39
232,1440,45
233,1604,50
234,1759,54
235,1907,59
236,2049,64
237,2184,68
238,2308,72
239,2428,75
240,2542,79
241,2654,82
242,2756,86
243,2856,89
244,2950,92
245,3041,95
246,3124,97
247,3204,100
248,3282,102
249,3357,104
250,3426,107
251,3494,109
252,3558,111
253,3622,113
254,3677,114
255,3729,116
256,3783,118
257,3832,119
258,3879,121
259,3925,122
260,3973,124
261,4012,125
262,4052,126
263,3872,121
264,3684,115
265,3510,109
266,3344,104
267,3183,99
268,3035,94
269,2889,90
270,2757,86
271,2629,82
272,2505,78
273,2389,74
274,2279,71
275,2172,67
276,2073,64
277,1973,61
278,1884,58
279,1797,56
280,1714,53
281,1637,51
282,1560,48
283,1488,46
284,1420,44
285,1354,42
286,1292,40
287,1232,38
288,1177,36
289,1121,35
290,1070,33
291,1021,31
292,975,30
293,930,29
294,888,27
295,848,26
296,952,29
297,1145,35
298,1326,41
299,1496,46
300,1659,51
301,1811,56
302,1958,61
303,2095,65
304,2225,69
305,2351,73
306,2470,77
307,2585,80
308,2688,84
309,2791,87
310,2888,90
311,2982,93
312,3069,95
313,3152,98
314,3234,101
315,3308,103
316,3381,105
317,3450,107
318,3515,109
319,3578,111
320,3635,113
321,3696,115
322,3748,117
323,3800,118
324,3848,120
325,3896,121
326,3942,123
327,3985,124
328,4026,125
329,4001,125
330,3807,118
331,3623,113
332,3452,107
333,3286,102
334,3132,97
335,2984,93
336,2847,88
337,2713,84
338,2588,80
339,2468,77
340,2351,73
341,2242,70
342,2137,66
343,2039,63
344,1943,60
345,1855,57
346,1767,55
347,1687,52
348,1611,50
349,1535,47
350,1464,45
351,1397,43
352,1333,41
353,1271,39
354,1215,37
355,1160,36
356,1105,34
357,1054,32
358,1006,31
359,959,29
360,915,28
361,875,27
362,833,26
363,1019,31
364,1208,37
365,1385,43
366,1552,48
367,1712,53
368,1861,58
369,2006,62
370,2141,66
371,2268,70
372,2389,74
373,2507,78
374,2619,81
375,2724,85
376,2826,88
377,2920,91
378,3009,94
379,3098,96
380,3179,99
381,3258,101
382,3332,104
383,3404,106
384,3471,108
385,3536,110
386,3598,112
387,3655,114
388,3712,116
389,3767,117
390,3816,119
391,3866,120
392,3914,122
393,3959,123
394,3998,124
395,4040,126
396,3934,122
397,3743,116
398,3563,111
399,3394,106
400,3235,101
401,3081,96
402,2938,91
403,2802,87
404,2671,83
405,2544,79
406,2427,75
407,2312,72
408,2206,68
409,2103,65
410,2006,62
411,1913,59
412,1826,57
413,1738,54
414,1662,51
415,1583,49
416,1511,47
417,1441,45
418,1375,42
419,1313,41
420,1253,39
421,1192,37
422,1139,35
423,1088,34
424,1038,32
425,992,31
426,945,29
427,896,28
428,859,26
429,884,27
430,1082,33
431,1267,39
432,1442,45
433,1606,50
434,1762,55
435,1910,59
436,2049,64
437,2185,68
438,2310,72
439,2431,75
440,2546,79
441,2655,82
442,2757,86
443,2856,89
444,2949,92
445,3040,95
446,3125,97
447,3206,100
448,3284,102
449,3357,104
450,3428,107
451,3493,109
452,3557,111
453,3616,113
454,3676,114
455,3729,116
456,3784,118
457,3834,119
458,3882,121
459,3927,122
460,3972,124
461,4009,125
462,4050,126
463,3868,120
464,3681,115
465,3506,109
466,3340,104
467,3185,99
468,3034,94
469,2890,90
470,2755,86
471,2630,82
472,2504,78
473,2389,74
474,2276,71
475,2173,67
476,2069,64
477,1976,61
478,1882,58
479,1796,56
480,1712,53
481,1635,51
482,1558,48
483,1488,46
484,1418,44
485,1354,42
486,1291,40
487,1232,38
488,1174,36
489,1122,35
490,1071,33
491,1021,31
492,973,30
493,932,29
494,888,27
495,848,26
496,953,29
497,1148,35
498,1327,41
499,1497,46
0,3876,121
1,3689,115
2,3516,109
3,3351,104
4,3191,99
5,3041,95
6,2897,90
7,2762,86
8,2633,82
9,2512,78
10,2393,74
11,2282,71
12,2175,67
13,2075,64
14,1980,61
15,1886,58
16,1800,56
17,1718,53
18,1637,51
19,1564,48
20,1489,46
21,1422,44
22,1358,42
23,1297,40
24,1235,38
25,1178,36
26,1125,35
27,1074,33
28,1023,31
29,978,30
30,930,29
31,889,27
32,847,26
33,942,29
34,1136,35
35,1318,41
36,1488,46
37,1654,51
38,1805,56
39,1951,60
40,2089,65
41,2221,69
42,2345,73
43,2464,77
44,2577,80
45,2686,83
46,2787,87
47,2885,90
48,2977,93
49,3066,95
50,3148,98
51,3231,100
52,3304,103
53,3378,105
54,3446,107
55,3511,109
56,3575,111
57,3634,113
58,3691,115
59,3744,117
60,3796,118
61,3848,120
62,3893,121
63,3940,123
64,3984,124
65,4024,125
66,4011,125
67,3815,119
68,3631,113
69,3460,108
70,3293,102
71,3139,98
72,2990,93
73,2852,89
74,2720,85
75,2592,81
76,2472,77
77,2356,73
78,2247,70
79,2143,66
80,2044,63
81,1948,60
82,1857,58
83,1772,55
84,1692,52
85,1613,50
86,1539,48
87,1467,45
88,1400,43
89,1336,41
90,1274,39
91,1216,38
92,1161,36
93,1106,34
94,1057,33
95,1008,31
96,961,30
97,918,28
98,876,27
99,836,26
100,1010,31
101,1198,37
102,1377,43
103,1543,48
104,1702,53
105,1853,57
106,1997,62
107,2133,66
108,2263,70
109,2387,74
110,2503,78
111,2614,81
112,2719,84
113,2819,88
114,2915,91
115,3005,93
116,3096,96
117,3175,99
118,3256,101
119,3329,104
120,3401,106
121,3469,108
122,3532,110
123,3594,112
124,3653,114
125,3710,115
126,3763,117
127,3814,119
128,3865,120
129,3907,122
130,3954,123
131,3996,124
132,4037,126
133,3944,123
134,3754,117
135,3572,111
136,3404,106
137,3243,101
138,3091,96
139,2947,92
140,2808,87
141,2677,83
142,2553,79
143,2432,76
144,2319,72
145,2212,69
146,2108,65
147,2012,62
148,1917,59
149,1829,57
150,1745,54
151,1663,51
152,1588,49
153,1515,47
154,1445,45
155,1379,43
156,1315,41
157,1257,39
158,1198,37
159,1142,35
160,1089,34
161,1041,32
162,993,31
163,948,29
164,903,28
165,865,27
166,875,27
167,1074,33
168,1259,39
169,1433,44
170,1599,49
171,1754,54
172,1902,59
173,2045,63
174,2176,68
175,2305,72
176,2423,75
177,2540,79
178,2653,82
179,2753,86
180,2853,89
181,2948,92
182,3036,94
183,3123,97
184,3202,100
185,3281,102
186,3352,104
187,3422,106
188,3490,109
189,3555,111
190,3617,113
191,3674,114
192,3727,116
193,3782,118
194,3830,119
195,3880,121
196,3925,122
197,3970,124
198,4010,125
199,4047,126
200,3878,121
201,3690,115
202,3514,109
203,3348,104
204,3191,99
205,3041,95
206,2898,90
207,2763,86
208,2634,82
209,2510,78
210,2396,74
211,2283,71
212,2177,68
213,2077,64
214,1979,61
215,1888,59
216,1801,56
217,1717,53
2